Full Name,Email,Username,item Name,Model name,Category,Manufacturer,Model Number,Serial number,Asset Tag,Location,Notes,Purchase Date,Purchase Cost,Company,Status,Warranty,Supplier
,,,GWA-1 - Hand Dryer,Gents Wash Area-1 - Hand Dryer,Hand Dryer-ELC,N/A,HD1,N/A,HVM-ELC-0001,Gents Wash Area-1,,,,Havmor,Ready to Deploy,,
,,,GWA-2 - Hand Dryer,Gents Wash Area-2 - Hand Dryer,Hand Dryer-ELC,N/A,HD2,N/A,HVM-ELC-0002,Gents Wash Area-2,,,,Havmor,Ready to Deploy,,
,,,LWA-3 - Hand Dryer,Ladies Wash Area-3 - Hand Dryer,Hand Dryer-ELC,N/A,HD3,N/A,HVM-ELC-0003,Ladies Wash Area-3,,,,Havmor,Ready to Deploy,,
,,,LWA-4 - Hand Dryer,Ladies Wash Area-4 - Hand Dryer,Hand Dryer-ELC,N/A,HD4,N/A,HVM-ELC-0004,Ladies Wash Area-4,,,,Havmor,Ready to Deploy,,
,,,MED-5 - Hand Dryer,Mix Entry Door-5 - Hand Dryer,Hand Dryer-ELC,N/A,HD5,N/A,HVM-ELC-0005,Mix Entry Door-5,,,,Havmor,Ready to Deploy,,
,,,NED-6 - Hand Dryer,Novelty Entry Door-6 - Hand Dryer,Hand Dryer-ELC,N/A,HD6,N/A,HVM-ELC-0006,Novelty Entry Door-6,,,,Havmor,Ready to Deploy,,
,,,GWA-1 (FF) - Hand Dryer,Gents Wash Area-1 (FF) - Hand Dryer,Hand Dryer-ELC,N/A,HD7,N/A,HVM-ELC-0007,Gents Wash Area-1 (FF),,,,Havmor,Ready to Deploy,,
,,,GWA-2 (FF) - Hand Dryer,Gents Wash Area-2 (FF) - Hand Dryer,Hand Dryer-ELC,N/A,HD8,N/A,HVM-ELC-0008,Gents Wash Area-2 (FF),,,,Havmor,Ready to Deploy,,
,,,LWA-3 (FF) - Hand Dryer,Ladies Wash Area-3 (FF) - Hand Dryer,Hand Dryer-ELC,N/A,HD9,N/A,HVM-ELC-0009,Ladies Wash Area-3 (FF),,,,Havmor,Ready to Deploy,,
,,,LWA-4 (FF) - Hand Dryer,Ladies Wash Area-4 (FF) - Hand Dryer,Hand Dryer-ELC,N/A,HD10,N/A,HVM-ELC-0010,Ladies Wash Area-4 (FF),,,,Havmor,Ready to Deploy,,
,,,NRMED-5 (FF) - Hand Dryer,Near Rm Entry Door-5 (FF) - Hand Dryer,Hand Dryer-ELC,N/A,HD11,N/A,HVM-ELC-0011,Near Rm Entry Door-5 (FF),,,,Havmor,Ready to Deploy,,
,,,ICA-1 - Hand Dryer,In Canteen Area-1 - Hand Dryer,Hand Dryer-ELC,N/A,HD12,N/A,HVM-ELC-0012,In Canteen Area-1,,,,Havmor,Ready to Deploy,,
,,,ICA-2 - Hand Dryer,In Canteen Area-2 - Hand Dryer,Hand Dryer-ELC,N/A,HD13,N/A,HVM-ELC-0013,In Canteen Area-2,,,,Havmor,Ready to Deploy,,
,,,Temp. Ind. - Heating Kattle 1,Temp. Ind. - Heating Kattle 1,Temperature Indicator-ELC,N/A,HK1,N/A,HVM-ELC-0014,GF-Mix Area,,,,Havmor,Ready to Deploy,,
,,,Temp. Ind. - Heating Kattle 2,Temp. Ind. - Heating Kattle 2,Temperature Indicator-ELC,N/A,HK2,N/A,HVM-ELC-0015,GF-Mix Area,,,,Havmor,Ready to Deploy,,
,,,Temp. Ind. - Mix Inlet PHE 1,Temp. Ind. - Mix Inlet PHE 1,Temperature Indicator-ELC,N/A,MIPHE1,N/A,HVM-ELC-0016,GF-Mix Area,,,,Havmor,Ready to Deploy,,
,,,Temp. Ind. - Mix Outlet PHE 1,Temp. Ind. - Mix Outlet PHE 1,Temperature Indicator-ELC,N/A,MOPHE1,N/A,HVM-ELC-0017,GF-Mix Area,,,,Havmor,Ready to Deploy,,
,,,Temp. Ind. - Batch Patchu-3000L-1,Temp. Ind. - Batch Patchu-3000L-1,Temperature Indicator-ELC,N/A,BP-3000L-1,N/A,HVM-ELC-0018,GF-Mix Area,,,,Havmor,Ready to Deploy,,
,,,Temp. Ind. - Batch Patchu-3000L-2,Temp. Ind. - Batch Patchu-3000L-2,Temperature Indicator-ELC,N/A,BP-3000L-2,N/A,HVM-ELC-0019,GF-Mix Area,,,,Havmor,Ready to Deploy,,
,,,Temp. Ind. - Batch Pasturiser Tank-3,Temp. Ind. - Batch Pasturiser Tank-3,Temperature Indicator-ELC,N/A,BPT-3,N/A,HVM-ELC-0020,GF-Mix Area,,,,Havmor,Ready to Deploy,,
,,,Temp. Ind. - Milk Storage Tank,Temp. Ind. - Milk Storage Tank,Temperature Indicator-ELC,N/A,MST1,N/A,HVM-ELC-0021,GF-Mix Area,,,,Havmor,Ready to Deploy,,
,,,Temp. Ind. - Chocolate Storage Tank 2,Temp. Ind. - Chocolate Storage Tank 2,Temperature Indicator-ELC,N/A,CST2,N/A,HVM-ELC-0022,GF-Mix Area,,,,Havmor,Ready to Deploy,,
,,,Temp. Ind. - Heating Kattle 3,Temp. Ind. - Heating Kattle 3,Temperature Indicator-ELC,N/A,HK3,N/A,HVM-ELC-0023,GF-Mix Area,,,,Havmor,Ready to Deploy,,
,,,Temp. Ind. - Heating Kattle 4,Temp. Ind. - Heating Kattle 4,Temperature Indicator-ELC,N/A,HK4,N/A,HVM-ELC-0024,GF-Mix Area,,,,Havmor,Ready to Deploy,,
,,,Temp. Ind. - Heating Kattle 5,Temp. Ind. - Heating Kattle 5,Temperature Indicator-ELC,N/A,HK5,N/A,HVM-ELC-0025,GF-Mix Area,,,,Havmor,Ready to Deploy,,
,,,Temp. Ind. - Heating Kattle 6,Temp. Ind. - Heating Kattle 6,Temperature Indicator-ELC,N/A,HK6,N/A,HVM-ELC-0026,GF-Mix Area,,,,Havmor,Ready to Deploy,,
,,,Temp. Ind. - Mix Phe Near Mix Door,Temp. Ind. - Mix Phe Near Mix Door,Temperature Indicator-ELC,N/A,MPNMD1,N/A,HVM-ELC-0027,GF-Mix Area,,,,Havmor,Ready to Deploy,,
,,,Temp. Ind. - Butter Melting Tank,Temp. Ind. - Butter Melting Tank,Temperature Indicator-ELC,N/A,BMT1,N/A,HVM-ELC-0028,GF-Mix Area,,,,Havmor,Ready to Deploy,,
,,,Temp. Ind. - Butter Tank,Temp. Ind. - Butter Tank,Temperature Indicator-ELC,N/A,BT1,N/A,HVM-ELC-0029,GF-CIP Room,,,,Havmor,Ready to Deploy,,
,,,Temp. Ind. - Agin Vat -23,Temp. Ind. - Agin Vat -23,Temperature Indicator-ELC,N/A,AV23,N/A,HVM-ELC-0030,GF-CIP Room,,,,Havmor,Ready to Deploy,,
,,,Temp. Ind. - Aging Vat 1 (Milk St. tank)-5000L,Temp. Ind. - Aging Vat 1 (Milk St. tank)-5000L,Temperature Indicator-ELC,N/A,AV-11,N/A,HVM-ELC-0031,GF-Aging Vat Area,,,,Havmor,Ready to Deploy,,
,,,Temp. Ind. - Aging Vat 2 (Milk St. tank)-5000L,Temp. Ind. - Aging Vat 2 (Milk St. tank)-5000L,Temperature Indicator-ELC,N/A,AV-12,N/A,HVM-ELC-0032,GF-Aging Vat Area,,,,Havmor,Ready to Deploy,,
,,,Temp. Ind. - Aging Vat 3 (5000L),Temp. Ind. - Aging Vat 3 (5000L),Temperature Indicator-ELC,N/A,AV-13,N/A,HVM-ELC-0033,GF-Aging Vat Area,,,,Havmor,Ready to Deploy,,
,,,Temp. Ind. - Aging Vat 4 (5000L),Temp. Ind. - Aging Vat 4 (5000L),Temperature Indicator-ELC,N/A,AV-14,N/A,HVM-ELC-0034,GF-Aging Vat Area,,,,Havmor,Ready to Deploy,,
,,,Temp. Ind. - Aging Vat 5 (5000L),Temp. Ind. - Aging Vat 5 (5000L),Temperature Indicator-ELC,N/A,AV-15,N/A,HVM-ELC-0035,GF-Aging Vat Area,,,,Havmor,Ready to Deploy,,
,,,Temp. Ind. - Aging Vat 6 (5000L),Temp. Ind. - Aging Vat 6 (5000L),Temperature Indicator-ELC,N/A,AV-16,N/A,HVM-ELC-0036,GF-Aging Vat Area,,,,Havmor,Ready to Deploy,,
,,,Temp. Ind. - Aging Vat 7 (5000L) Regular Mix Tank,Temp. Ind. - Aging Vat 7 (5000L) Regular mix Tank,Temperature Indicator-ELC,N/A,AV-17,N/A,HVM-ELC-0037,GF-Aging Vat Area,,,,Havmor,Ready to Deploy,,
,,,Temp. Ind. - Aging Vat 8 (5000L) Cream Storage Tank,Temp. Ind. - Aging Vat 8 (5000L)Cream storage Tank,Temperature Indicator-ELC,N/A,AV-18,N/A,HVM-ELC-0038,GF-Aging Vat Area,,,,Havmor,Ready to Deploy,,
,,,Temp. Ind. - Aging Vat 10 Bazinga mix Tank,Temp. Ind. - Aging Vat 10 Bazinga mix Tank,Temperature Indicator-ELC,N/A,AV-110,N/A,HVM-ELC-0039,GF-Aging Vat Area,,,,Havmor,Ready to Deploy,,
,,,Temp. Ind. - Aging Vat 11 (5000) Juicy Water,Temp. Ind. - Aging Vat 11(5000)Juicy Water,Temperature Indicator-ELC,N/A,AV-111,N/A,HVM-ELC-0040,GF-Aging Vat Area,,,,Havmor,Ready to Deploy,,
,,,Temp. Ind. - Aging Vat 12 (5000)Choco. Mix Tank,Temp. Ind. - Aging Vat 12 (5000)Choco. Mix Tank,Temperature Indicator-ELC,N/A,AV-112,N/A,HVM-ELC-0041,GF-Aging Vat Area,,,,Havmor,Ready to Deploy,,
,,,Temp. Ind. - Aging Vat 13 Chocolate Mix Tank,Temp. Ind. - Aging Vat 13 Chocolate Mix Tank,Temperature Indicator-ELC,N/A,AV-113,N/A,HVM-ELC-0042,GF-Aging Vat Area,,,,Havmor,Ready to Deploy,,
,,,Temp. Ind. - Aging Vat 14 (Regular MIX.) 6000L,Temp. Ind. - Aging Vat 14 (Regular MIX.) 6000L,Temperature Indicator-ELC,N/A,AV-114,N/A,HVM-ELC-0043,GF-Aging Vat Area,,,,Havmor,Ready to Deploy,,
,,,Temp. Ind. - Aging Vat 15 (Regular mix) 6000L,Temp. Ind. - Aging Vat 15 (Regular mix) 6000L,Temperature Indicator-ELC,N/A,AV-115,N/A,HVM-ELC-0044,GF-Aging Vat Area,,,,Havmor,Ready to Deploy,,
,,,Temp. Ind. - Medium Fat (5000L),Temp. Ind. - Medium Fat (5000L),Temperature Indicator-ELC,N/A,MF1,N/A,HVM-ELC-0045,GF-Aging Vat Area,,,,Havmor,Ready to Deploy,,
,,,Temp. Ind. - Juicy Water-1 (1000L),Temp. Ind. - Juicy Water-1 (1000L),Temperature Indicator-ELC,N/A,JW1,N/A,HVM-ELC-0046,GF-Aging Vat Area,,,,Havmor,Ready to Deploy,,
,,,Temp. Ind. - Juicy Water-2 (1000L),Temp. Ind. - Juicy Water-2 (1000L),Temperature Indicator-ELC,N/A,JW2,N/A,HVM-ELC-0047,GF-Aging Vat Area,,,,Havmor,Ready to Deploy,,
,,,Temp. Ind. - Aging Vat 9,Temp. Ind. - Aging Vat 9,Temperature Indicator-ELC,N/A,AV-19,N/A,HVM-ELC-0048,GF-Aging Vat Area,,,,Havmor,Ready to Deploy,,
,,,Temp. Ind. - Aging Vat 17,Temp. Ind. - Aging Vat 17,Temperature Indicator-ELC,N/A,AV-117,N/A,HVM-ELC-0049,GF-Aging Vat Area,,,,Havmor,Ready to Deploy,,
,,,Temp. Ind. - Aging Vat 18,Temp. Ind. - Aging Vat 18,Temperature Indicator-ELC,N/A,AV-118,N/A,HVM-ELC-0050,GF-Aging Vat Area,,,,Havmor,Ready to Deploy,,
,,,Temp. Ind. - Aging Vat 19,Temp. Ind. - Aging Vat 19,Temperature Indicator-ELC,N/A,AV-119,N/A,HVM-ELC-0051,GF-Aging Vat Area,,,,Havmor,Ready to Deploy,,
,,,Temp. Ind. - Aging Vat 20,Temp. Ind. - Aging Vat 20,Temperature Indicator-ELC,N/A,AV20,N/A,HVM-ELC-0052,GF-Aging Vat Area,,,,Havmor,Ready to Deploy,,
,,,Temp. Ind. - Aging Vat 21,Temp. Ind. - Aging Vat 21,Temperature Indicator-ELC,N/A,AV21,N/A,HVM-ELC-0053,GF-Aging Vat Area,,,,Havmor,Ready to Deploy,,
,,,Temp. Ind. - Aging Vat 22,Temp. Ind. - Aging Vat 22,Temperature Indicator-ELC,N/A,AV22,N/A,HVM-ELC-0054,GF-Aging Vat Area,,,,Havmor,Ready to Deploy,,
,,,Temp. Ind. - New Aging Vat 24 (Tava Room),Temp. Ind. - New Aging Vat 24 (Tava Room),Temperature Indicator-ELC,N/A,NAV24,N/A,HVM-ELC-0055,GF-Aging Vat Area,,,,Havmor,Ready to Deploy,,
,,,Temp. Ind. - New Aging Vat 25 (Tava Room),Temp. Ind. - New Aging Vat 25 (Tava Room),Temperature Indicator-ELC,N/A,NAV25,N/A,HVM-ELC-0056,GF-Aging Vat Area,,,,Havmor,Ready to Deploy,,
,,,Temp. Ind. - Cone M/C Chocolate Tank,Temp. Ind. - Cone M/C Chocolate Tank,Temperature Indicator-ELC,N/A,CMCCT1,N/A,HVM-ELC-0057,GF-Production,,,,Havmor,Ready to Deploy,,
,,,Temp. Ind. - Flavour Tank-1,Temp. Ind. - Flavour Tank-1,Temperature Indicator-ELC,N/A,FT1,N/A,HVM-ELC-0058,GF-Production,,,,Havmor,Ready to Deploy,,
,,,Temp. Ind. - Flavour Tank-2,Temp. Ind. - Flavour Tank-2,Temperature Indicator-ELC,N/A,FT2,N/A,HVM-ELC-0059,GF-Production,,,,Havmor,Ready to Deploy,,
,,,Temp. Ind. - Flavour Tank-3,Temp. Ind. - Flavour Tank-3,Temperature Indicator-ELC,N/A,FT3,N/A,HVM-ELC-0060,GF-Production,,,,Havmor,Ready to Deploy,,
,,,Temp. Ind. - Flavour Tank-4,Temp. Ind. - Flavour Tank-4,Temperature Indicator-ELC,N/A,FT4,N/A,HVM-ELC-0061,GF-Production,,,,Havmor,Ready to Deploy,,
,,,Temp. Ind. - Flavour Tank-5,Temp. Ind. - Flavour Tank-5,Temperature Indicator-ELC,N/A,FT5,N/A,HVM-ELC-0062,GF-Production,,,,Havmor,Ready to Deploy,,
,,,Temp. Ind. - Flavour Tank-6,Temp. Ind. - Flavour Tank-6,Temperature Indicator-ELC,N/A,FT6,N/A,HVM-ELC-0063,GF-Production,,,,Havmor,Ready to Deploy,,
,,,Temp. Ind. - Flavour Tank-7,Temp. Ind. - Flavour Tank-7,Temperature Indicator-ELC,N/A,FT7,N/A,HVM-ELC-0064,GF-Production,,,,Havmor,Ready to Deploy,,
,,,Temp. Ind. - Flavour Tank-8,Temp. Ind. - Flavour Tank-8,Temperature Indicator-ELC,N/A,FT8,N/A,HVM-ELC-0065,GF-Production,,,,Havmor,Ready to Deploy,,
,,,Temp. Ind. - Flavour Tank-9,Temp. Ind. - Flavour Tank-9,Temperature Indicator-ELC,N/A,FT9,N/A,HVM-ELC-0066,GF-Production,,,,Havmor,Ready to Deploy,,
,,,Temp. Ind. - Flavour Tank-10,Temp. Ind. - Flavour Tank-10,Temperature Indicator-ELC,N/A,FT10,N/A,HVM-ELC-0067,GF-Production,,,,Havmor,Ready to Deploy,,
,,,Temp. Ind. - Flavour Tank-11,Temp. Ind. - Flavour Tank-11,Temperature Indicator-ELC,N/A,FT11,N/A,HVM-ELC-0068,GF-Production,,,,Havmor,Ready to Deploy,,
,,,Temp. Ind. - Flavour Tank-12,Temp. Ind. - Flavour Tank-12,Temperature Indicator-ELC,N/A,FT12,N/A,HVM-ELC-0069,GF-Production,,,,Havmor,Ready to Deploy,,
,,,Temp. Ind. - Flavour Tank-13,Temp. Ind. - Flavour Tank-13,Temperature Indicator-ELC,N/A,FT13,N/A,HVM-ELC-0070,GF-Production,,,,Havmor,Ready to Deploy,,
,,,Temp. Ind. - Flavour Tank-14,Temp. Ind. - Flavour Tank-14,Temperature Indicator-ELC,N/A,FT14,N/A,HVM-ELC-0071,GF-Production,,,,Havmor,Ready to Deploy,,
,,,Temp. Ind. - Candy Flavour Tank-15,Temp. Ind. - Candy Flavour Tank-15,Temperature Indicator-ELC,N/A,CFT15,N/A,HVM-ELC-0072,GF-Production,,,,Havmor,Ready to Deploy,,
,,,Temp. Ind. - Candy Flavour Tank-16,Temp. Ind. - Candy Flavour Tank-16,Temperature Indicator-ELC,N/A,CFT16,N/A,HVM-ELC-0073,GF-Production,,,,Havmor,Ready to Deploy,,
,,,Temp. Ind. - Candy Flavour Tank-17,Temp. Ind. - Candy Flavour Tank-17,Temperature Indicator-ELC,N/A,CFT17,N/A,HVM-ELC-0074,GF-Production,,,,Havmor,Ready to Deploy,,
,,,Temp. Ind. - Candy Flavour Tank-18,Temp. Ind. - Candy Flavour Tank-18,Temperature Indicator-ELC,N/A,CFT18,N/A,HVM-ELC-0075,GF-Production,,,,Havmor,Ready to Deploy,,
,,,Temp. Ind. - Extrusion Flavour Tank -19,Temp. Ind. - Extrusion Flavour Tank -19,Temperature Indicator-ELC,N/A,EFT19,N/A,HVM-ELC-0076,GF-Production,,,,Havmor,Ready to Deploy,,
,,,Temp. Ind. - Extrusion Flavour Tank -20,Temp. Ind. - Extrusion Flavour Tank -20,Temperature Indicator-ELC,N/A,EFT20,N/A,HVM-ELC-0077,GF-Production,,,,Havmor,Ready to Deploy,,
,,,Temp. Ind. - Extrusion Flavour Tank -21,Temp. Ind. - Extrusion Flavour Tank -21,Temperature Indicator-ELC,N/A,EFT21,N/A,HVM-ELC-0078,GF-Production,,,,Havmor,Ready to Deploy,,
,,,Temp. Ind. - CF-1 - I/C OUT LET,Temp. Ind. - CF-1 - I/C OUT LET,Temperature Indicator-ELC,N/A,CF1OL,N/A,HVM-ELC-0079,GF-Production,,,,Havmor,Ready to Deploy,,
,,,Temp. Ind. - CF-2 - I/C OUT LET,Temp. Ind. - CF-2 - I/C OUT LET,Temperature Indicator-ELC,N/A,CF2OL,N/A,HVM-ELC-0080,GF-Production,,,,Havmor,Ready to Deploy,,
,,,Temp. Ind. - CF-3 - I/C OUT LET,Temp. Ind. - CF-3 - I/C OUT LET,Temperature Indicator-ELC,N/A,CF3OL,N/A,HVM-ELC-0081,GF-Production,,,,Havmor,Ready to Deploy,,
,,,Temp. Ind. - CF-5 - I/C OUT LET,Temp. Ind. - CF-5 - I/C OUT LET,Temperature Indicator-ELC,N/A,CF4OL,N/A,HVM-ELC-0082,GF-Production,,,,Havmor,Ready to Deploy,,
,,,Temp. Ind. - CF-6 - I/C OUT LET,Temp. Ind. - CF-6 - I/C OUT LET,Temperature Indicator-ELC,N/A,CF5OL,N/A,HVM-ELC-0083,GF-Production,,,,Havmor,Ready to Deploy,,
,,,Temp. Ind. - CF-8 - I/C OUT LET,Temp. Ind. - CF-8 - I/C OUT LET,Temperature Indicator-ELC,N/A,CF6OL,N/A,HVM-ELC-0084,GF-Production,,,,Havmor,Ready to Deploy,,
,,,Temp. Ind. - CF-9 - I/C Outlet (CANDY),Temp. Ind. - CF-9 - I/C Outlet (CANDY),Temperature Indicator-ELC,N/A,CF7OL,N/A,HVM-ELC-0085,GF-Production,,,,Havmor,Ready to Deploy,,
,,,"Temp. Ind. - Candy M/C-A (Brine, Defor., Chocolate)","Temp. Ind. - Candy M/C-A (Brine, Defor., Chocolate)",Temperature Indicator-ELC,N/A,CMCA,N/A,HVM-ELC-0086,GF-Production,,,,Havmor,Ready to Deploy,,
,,,"Temp. Ind. - Candy M/C-B (Brine, Defor., Chocolate)","Temp. Ind. - Candy M/C-B (Brine, Defor., Chocolate)",Temperature Indicator-ELC,N/A,CMCB,N/A,HVM-ELC-0087,GF-Production,,,,Havmor,Ready to Deploy,,
,,,Temp. Ind. - Candy Wrapping M/C-1A,Temp. Ind. - Candy Wrapping M/C-1A,Temperature Indicator-ELC,N/A,CWMC1A,N/A,HVM-ELC-0088,GF-Production,,,,Havmor,Ready to Deploy,,
,,,Temp. Ind. - Candy Wrapping M/C-1B,Temp. Ind. - Candy Wrapping M/C-1B,Temperature Indicator-ELC,N/A,CWMC1B,N/A,HVM-ELC-0089,GF-Production,,,,Havmor,Ready to Deploy,,
,,,Temp. Ind. - Candy Wrapping M/C-1C,Temp. Ind. - Candy Wrapping M/C-1C,Temperature Indicator-ELC,N/A,CWMC1C,N/A,HVM-ELC-0090,GF-Production,,,,Havmor,Ready to Deploy,,
,,,Temp. Ind. - Candy Wrapping M/C-2A,Temp. Ind. - Candy Wrapping M/C-2A,Temperature Indicator-ELC,N/A,CWMC2A,N/A,HVM-ELC-0091,GF-Production,,,,Havmor,Ready to Deploy,,
,,,Temp. Ind. - Candy Wrapping M/C-2B,Temp. Ind. - Candy Wrapping M/C-2B,Temperature Indicator-ELC,N/A,CWMC2B,N/A,HVM-ELC-0092,GF-Production,,,,Havmor,Ready to Deploy,,
,,,Temp. Ind. - Candy Wrapping M/C-2C,Temp. Ind. - Candy Wrapping M/C-2C,Temperature Indicator-ELC,N/A,CWMC2C,N/A,HVM-ELC-0093,GF-Production,,,,Havmor,Ready to Deploy,,
,,,Temp. Ind. - Candy Wrapping M/C-3A,Temp. Ind. - Candy Wrapping M/C-3A,Temperature Indicator-ELC,N/A,CWMC3A,N/A,HVM-ELC-0094,GF-Production,,,,Havmor,Ready to Deploy,,
,,,Temp. Ind. - Candy Wrapping M/C-3B,Temp. Ind. - Candy Wrapping M/C-3B,Temperature Indicator-ELC,N/A,CWMC3B,N/A,HVM-ELC-0095,GF-Production,,,,Havmor,Ready to Deploy,,
,,,Temp. Ind. - Candy Wrapping M/C-3C,Temp. Ind. - Candy Wrapping M/C-3C,Temperature Indicator-ELC,N/A,CWMC3C,N/A,HVM-ELC-0096,GF-Production,,,,Havmor,Ready to Deploy,,
,,,Temp. Ind. - Candy Wrapping M/C-4A,Temp. Ind. - Candy Wrapping M/C-4A,Temperature Indicator-ELC,N/A,CWMC4A,N/A,HVM-ELC-0097,GF-Production,,,,Havmor,Ready to Deploy,,
,,,Temp. Ind. - Candy Wrapping M/C-4B,Temp. Ind. - Candy Wrapping M/C-4B,Temperature Indicator-ELC,N/A,CWMC4B,N/A,HVM-ELC-0098,GF-Production,,,,Havmor,Ready to Deploy,,
,,,Temp. Ind. - Candy Wrapping M/C-4C,Temp. Ind. - Candy Wrapping M/C-4C,Temperature Indicator-ELC,N/A,CWMC4C,N/A,HVM-ELC-0099,GF-Production,,,,Havmor,Ready to Deploy,,
,,,Temp. Ind. - New Candy M/C-2A (Brine),Temp. Ind. - New Candy M/C-2A (Brine),Temperature Indicator-ELC,N/A,NCMC2A,N/A,HVM-ELC-0100,GF-Production,,,,Havmor,Ready to Deploy,,
,,,Temp. Ind. - Old Candy M/C-2A (Brine),Temp. Ind. - Old Candy M/C-2A (Brine),Temperature Indicator-ELC,N/A,OCMC2A,N/A,HVM-ELC-0101,GF-Production,,,,Havmor,Ready to Deploy,,
,,,Temp. Ind. - New Candy Chocolate Tank,Temp. Ind. - New Candy Chocolate Tank,Temperature Indicator-ELC,N/A,NCCT1,N/A,HVM-ELC-0102,GF-Production,,,,Havmor,Ready to Deploy,,
,,,Temp. Ind. - Old Candy Chocolate Tank,Temp. Ind. - Old Candy Chocolate Tank,Temperature Indicator-ELC,N/A,OCCT1,N/A,HVM-ELC-0103,GF-Production,,,,Havmor,Ready to Deploy,,
,,,Temp. Ind. - Hardning Tunnel,Temp. Ind. - Hardning Tunnel,Temperature Indicator-ELC,N/A,HT_1_GF,N/A,HVM-ELC-0104,GF-Production,,,,Havmor,Ready to Deploy,,
,,,Temp. Ind. - Spiral Hardening Tunnel-1,Temp. Ind. - Spiral Hardening Tunnel-1,Temperature Indicator-ELC,N/A,SHT1,N/A,HVM-ELC-0105,GF-Production,,,,Havmor,Ready to Deploy,,
,,,Temp. Ind. - Spiral Hardening Tunnel-2,Temp. Ind. - Spiral Hardening Tunnel-2,Temperature Indicator-ELC,N/A,SHT2,N/A,HVM-ELC-0106,GF-Production,,,,Havmor,Ready to Deploy,,
,,,Temp. Ind. - Extrusion Wrapping M/C-5A,Temp. Ind. - Extrusion Wrapping M/C-5A,Temperature Indicator-ELC,N/A,EWMC5A,N/A,HVM-ELC-0107,GF-Production,,,,Havmor,Ready to Deploy,,
,,,Temp. Ind. - Extrusion Wrapping M/C-5B,Temp. Ind. - Extrusion Wrapping M/C-5B,Temperature Indicator-ELC,N/A,EWMC5B,N/A,HVM-ELC-0108,GF-Production,,,,Havmor,Ready to Deploy,,
,,,Temp. Ind. - Extrusion Wrapping M/C-5C,Temp. Ind. - Extrusion Wrapping M/C-5C,Temperature Indicator-ELC,N/A,EWMC5C,N/A,HVM-ELC-0109,GF-Production,,,,Havmor,Ready to Deploy,,
,,,Temp. Ind. - Extrusion Harding Tunnel,Temp. Ind. - Extrusion Harding Tunnel,Temperature Indicator-ELC,N/A,EHT1,N/A,HVM-ELC-0110,GF-Production,,,,Havmor,Ready to Deploy,,
,,,Temp. Ind. - Extrusion Chocolate Tank,Temp. Ind. - Extrusion Chocolate Tank,Temperature Indicator-ELC,N/A,ECT1,N/A,HVM-ELC-0111,GF-Production,,,,Havmor,Ready to Deploy,,
,,,Temp. Ind. - Extrusion Freezer I/C Outlet,Temp. Ind. - Extrusion Freezer I/C Outlet,Temperature Indicator-ELC,N/A,EFICO1,N/A,HVM-ELC-0112,GF-Production,,,,Havmor,Ready to Deploy,,
,,,Temp. Ind. - Flavour Tank-1 (GF Novelty),Temp. Ind. - Flavour Tank-1 (GF Novelty),Temperature Indicator-ELC,N/A,FT1NA,N/A,HVM-ELC-0113,GF-Novelty Area,,,,Havmor,Ready to Deploy,,
,,,Temp. Ind. - Flavour Tank-2 (GF Novelty),Temp. Ind. - Flavour Tank-2 (GF Novelty),Temperature Indicator-ELC,N/A,FT2GFNA,N/A,HVM-ELC-0114,GF-Novelty Area,,,,Havmor,Ready to Deploy,,
,,,Temp. Ind. - Flavour Tank-3 (GF Novelty),Temp. Ind. - Flavour Tank-3 (GF Novelty),Temperature Indicator-ELC,N/A,FT3GFNA,N/A,HVM-ELC-0115,GF-Novelty Area,,,,Havmor,Ready to Deploy,,
,,,Temp. Ind. - Novelty Harding,Temp. Ind. - Novelty Harding,Temperature Indicator-ELC,N/A,NH1,N/A,HVM-ELC-0116,GF-Novelty Area,,,,Havmor,Ready to Deploy,,
,,,Temp. Ind. - Novel Candy Tunnel,Temp. Ind. - Novel Candy Tunnel,Temperature Indicator-ELC,N/A,NCT1,N/A,HVM-ELC-0117,GF-Novelty Area,,,,Havmor,Ready to Deploy,,
,,,Temp. Ind. - Novelty Cold Storage,Temp. Ind. - Novelty Cold Storage,Temperature Indicator-ELC,N/A,VCS1,N/A,HVM-ELC-0118,GF-Novelty Area,,,,Havmor,Ready to Deploy,,
,,,Temp. Ind. - Candy Throwing Tank,Temp. Ind. - Candy Throwing Tank,Temperature Indicator-ELC,N/A,CTT1,N/A,HVM-ELC-0119,GF-Novelty Area,,,,Havmor,Ready to Deploy,,
,,,Temp. Ind. - Candy P.H.E,Temp. Ind. - Candy P.H.E,Temperature Indicator-ELC,N/A,CPHE1,N/A,HVM-ELC-0120,GF-Novelty Area,,,,Havmor,Ready to Deploy,,
,,,Temp. Ind. - Flavour Tank-4 (GF Novelty),Temp. Ind. - Flavour Tank-4 (GF Novelty),Temperature Indicator-ELC,N/A,FT4GFNA,N/A,HVM-ELC-0121,GF-Novelty Area,,,,Havmor,Ready to Deploy,,
,,,Temp. Ind. - Flavour Tank-5 (GF Novelty),Temp. Ind. - Flavour Tank-5 (GF Novelty),Temperature Indicator-ELC,N/A,FT5GFNA,N/A,HVM-ELC-0122,GF-Novelty Area,,,,Havmor,Ready to Deploy,,
,,,Temp. Ind. - Flavour Tank-6 (GF Novelty),Temp. Ind. - Flavour Tank-6 (GF Novelty),Temperature Indicator-ELC,N/A,FT6GFNA,N/A,HVM-ELC-0123,GF-Novelty Area,,,,Havmor,Ready to Deploy,,
,,,Temp. Ind. - Cold Storage No 1,Temp. Ind. - Cold Storage No 1,Temperature Indicator-ELC,N/A,CS1,N/A,HVM-ELC-0124,GF-Cold Storage,,,,Havmor,Ready to Deploy,,
,,,Temp. Ind. - Cold Storage No 2,Temp. Ind. - Cold Storage No 2,Temperature Indicator-ELC,N/A,CS2,N/A,HVM-ELC-0125,GF-Cold Storage,,,,Havmor,Ready to Deploy,,
,,,Temp. Ind. - Cold Storage No 3,Temp. Ind. - Cold Storage No 3,Temperature Indicator-ELC,N/A,CS3,N/A,HVM-ELC-0126,GF-Cold Storage,,,,Havmor,Ready to Deploy,,
,,,Temp. Ind. - Cold Storage No 4,Temp. Ind. - Cold Storage No 4,Temperature Indicator-ELC,N/A,CS4,N/A,HVM-ELC-0127,GF-Cold Storage,,,,Havmor,Ready to Deploy,,
,,,Temp. Ind. - Cold Storage No 5,Temp. Ind. - Cold Storage No 5,Temperature Indicator-ELC,N/A,AR1CS,N/A,HVM-ELC-0128,GF-Cold Storage,,,,Havmor,Ready to Deploy,,
,,,Temp. Ind. - Cold Storage No 6,Temp. Ind. - Cold Storage No 6,Temperature Indicator-ELC,N/A,AR2CS,N/A,HVM-ELC-0129,GF-Cold Storage,,,,Havmor,Ready to Deploy,,
,,,Temp. Ind. - Ante Room 1,Temp. Ind. - Ante Room 1,Temperature Indicator-ELC,N/A,CWTC1,N/A,HVM-ELC-0130,GF-Crete Wash Area,,,,Havmor,Ready to Deploy,,
,,,Temp. Ind. - Ante Room 2,Temp. Ind. - Ante Room 2,Temperature Indicator-ELC,N/A,BCSTMD,N/A,HVM-ELC-0131,GF-RM Department,,,,Havmor,Ready to Deploy,,
,,,Temp. Ind. - F.F Anteroom,Temp. Ind. - F.F Anteroom,Temperature Indicator-ELC,N/A,BCSRMD1,N/A,HVM-ELC-0132,GF-RM Department,,,,Havmor,Ready to Deploy,,
,,,Temp. Ind. - Crete Wash Temp.Controller,Temp. Ind. - Crete Wash Temp.Controller,Temperature Indicator-ELC,N/A,BCSRMD2,N/A,HVM-ELC-0133,GF-RM Department,,,,Havmor,Ready to Deploy,,
,,,Temp. Ind. - Butter Coldstorage - Mix Dept.,Temp. Ind. - Butter Coldstorage - Mix Dept.,Temperature Indicator-ELC,N/A,CTTIA,N/A,HVM-ELC-0134,GF-Plant Area,,,,Havmor,Ready to Deploy,,
,,,Temp. Ind. - Butter Coldstorage-1 - R.M Dept.,Temp. Ind. - Butter Coldstorage-1 - R.M Dept.,Temperature Indicator-ELC,N/A,CTTIB,N/A,HVM-ELC-0135,GF-Plant Area,,,,Havmor,Ready to Deploy,,
,,,Temp. Ind. - Butter Coldstorage-2 - R.M Dept.,Temp. Ind. - Butter Coldstorage-2 - R.M Dept.,Temperature Indicator-ELC,N/A,CTTIC,N/A,HVM-ELC-0136,GF-Plant Area,,,,Havmor,Ready to Deploy,,
,,,Cooling Tower Temp. Indicator-A,Cooling Tower Temp. Indicator-A,Temperature Indicator-ELC,N/A,CTTID,N/A,HVM-ELC-0137,GF-Plant Area,,,,Havmor,Ready to Deploy,,
,,,Cooling Tower Temp. Indicator-B,Cooling Tower Temp. Indicator-B,Temperature Indicator-ELC,N/A,PACWT,N/A,HVM-ELC-0138,GF-Plant Area,,,,Havmor,Ready to Deploy,,
,,,Cooling Tower Temp. Indicator-C,Cooling Tower Temp. Indicator-C,Temperature Indicator-ELC,N/A,BE1,N/A,HVM-ELC-0139,GF-Plant Area,,,,Havmor,Ready to Deploy,,
,,,Cooling Tower Temp. Indicator-D,Cooling Tower Temp. Indicator-D,Temperature Indicator-ELC,N/A,BFG1,N/A,HVM-ELC-0140,GF-Plant Area,,,,Havmor,Ready to Deploy,,
,,,Plant Area Chield Water Temp.,Plant Area Chield Water Temp.,Temperature Indicator-ELC,N/A,BFWT1,N/A,HVM-ELC-0141,GF-Plant Area,,,,Havmor,Ready to Deploy,,
,,,Temp. Ind. - Boiler Exhaust Temp. 1,Temp. Ind. - Boiler Exhaust Temp. 1,Temperature Indicator-ELC,N/A,BFG2,N/A,HVM-ELC-0142,GF-Plant Area,,,,Havmor,Ready to Deploy,,
,,,Temp. Ind. - Boiler Fuel Gas 1,Temp. Ind. - Boiler Fuel Gas 1,Temperature Indicator-ELC,N/A,OTETP),N/A,HVM-ELC-0143,GF-Laboratory,,,,Havmor,Ready to Deploy,,
,,,Temp. Ind. - Boiler Feed Water Temp.,Temp. Ind. - Boiler Feed Water Temp.,Temperature Indicator-ELC,N/A,LLOven,N/A,HVM-ELC-0144,GF-Laboratory,,,,Havmor,Ready to Deploy,,
,,,Temp. Ind. - Boiler Fuel Gas 1.1,Temp. Ind. - Boiler Fuel Gas 1.1,Temperature Indicator-ELC,N/A,LL1,N/A,HVM-ELC-0145,GF-Laboratory,,,,Havmor,Ready to Deploy,,
,,,Temp. Ind. - Oven Temp.(E.T.P ),Temp. Ind. - Oven Temp.(E.T.P ),Temperature Indicator-ELC,N/A,LL2,N/A,HVM-ELC-0146,GF-Laboratory,,,,Havmor,Ready to Deploy,,
,,,Temp. Ind. - Laboratory Oven,Temp. Ind. - Laboratory Oven,Temperature Indicator-ELC,N/A,MF1-GFL,N/A,HVM-ELC-0147,GF-Laboratory,,,,Havmor,Ready to Deploy,,
,,,Temp. Ind. - Lab. Incubalator - 1,Temp. Ind. - Lab. Incubalator - 1,Temperature Indicator-ELC,N/A,CMCCT1FFP,N/A,HVM-ELC-0148,FF-Production,,,,Havmor,Ready to Deploy,,
,,,Temp. Ind. - Lab. Incubalator - 2,Temp. Ind. - Lab. Incubalator - 2,Temperature Indicator-ELC,N/A,FT1FFP,N/A,HVM-ELC-0149,FF-Production,,,,Havmor,Ready to Deploy,,
,,,Temp. Ind. - Muffle Furnace,Temp. Ind. - Muffle Furnace,Temperature Indicator-ELC,N/A,FF2FFP,N/A,HVM-ELC-0150,FF-Production,,,,Havmor,Ready to Deploy,,
,,,Temp. Ind. - Cone M/C Chocolate Tank (FF Prod.),Temp. Ind. - Cone M/C Chocolate Tank (FF Prod.),Temperature Indicator-ELC,N/A,FF3FFP,N/A,HVM-ELC-0151,FF-Production,,,,Havmor,Ready to Deploy,,
,,,Temp. Ind. - Flavour Tank-1 (FF Prod.),Temp. Ind. - Flavour Tank-1 (FF Prod.),Temperature Indicator-ELC,N/A,FF4FFP,N/A,HVM-ELC-0152,FF-Production,,,,Havmor,Ready to Deploy,,
,,,Temp. Ind. - Flavour Tank-2 (FF Prod.),Temp. Ind. - Flavour Tank-2 (FF Prod.),Temperature Indicator-ELC,N/A,FF5FFP,N/A,HVM-ELC-0153,FF-Production,,,,Havmor,Ready to Deploy,,
,,,Temp. Ind. - Flavour Tank-3 (FF Prod.),Temp. Ind. - Flavour Tank-3 (FF Prod.),Temperature Indicator-ELC,N/A,FF6FFP,N/A,HVM-ELC-0154,FF-Production,,,,Havmor,Ready to Deploy,,
,,,Temp. Ind. - Flavour Tank-4 (FF Prod.),Temp. Ind. - Flavour Tank-4 (FF Prod.),Temperature Indicator-ELC,N/A,FF7FFP,N/A,HVM-ELC-0155,FF-Production,,,,Havmor,Ready to Deploy,,
,,,Temp. Ind. - Flavour Tank-5 (FF Prod.),Temp. Ind. - Flavour Tank-5 (FF Prod.),Temperature Indicator-ELC,N/A,FF8FFP,N/A,HVM-ELC-0156,FF-Production,,,,Havmor,Ready to Deploy,,
,,,Temp. Ind. - Flavour Tank-6 (FF Prod.),Temp. Ind. - Flavour Tank-6 (FF Prod.),Temperature Indicator-ELC,N/A,FF9FFP,N/A,HVM-ELC-0157,FF-Production,,,,Havmor,Ready to Deploy,,
,,,Temp. Ind. - Flavour Tank-7 (FF Prod.),Temp. Ind. - Flavour Tank-7 (FF Prod.),Temperature Indicator-ELC,N/A,FF10FFP,N/A,HVM-ELC-0158,FF-Production,,,,Havmor,Ready to Deploy,,
,,,Temp. Ind. - Flavour Tank-8 (FF Prod.),Temp. Ind. - Flavour Tank-8 (FF Prod.),Temperature Indicator-ELC,N/A,FF11FFP,N/A,HVM-ELC-0159,FF-Production,,,,Havmor,Ready to Deploy,,
,,,Temp. Ind. - Flavour Tank-9 (FF Prod.),Temp. Ind. - Flavour Tank-9 (FF Prod.),Temperature Indicator-ELC,N/A,FF12FFP,N/A,HVM-ELC-0160,FF-Production,,,,Havmor,Ready to Deploy,,
,,,Temp. Ind. - Flavour Tank-10 (FF Prod.),Temp. Ind. - Flavour Tank-10 (FF Prod.),Temperature Indicator-ELC,N/A,FF13FFP,N/A,HVM-ELC-0161,FF-Production,,,,Havmor,Ready to Deploy,,
,,,Temp. Ind. - Flavour Tank-11 (FF Prod.),Temp. Ind. - Flavour Tank-11 (FF Prod.),Temperature Indicator-ELC,N/A,FF14FFP,N/A,HVM-ELC-0162,FF-Production,,,,Havmor,Ready to Deploy,,
,,,Temp. Ind. - Flavour Tank-12 (FF Prod.),Temp. Ind. - Flavour Tank-12 (FF Prod.),Temperature Indicator-ELC,N/A,FF15FFP,N/A,HVM-ELC-0163,FF-Production,,,,Havmor,Ready to Deploy,,
,,,Temp. Ind. - Flavour Tank-13 (FF Prod.),Temp. Ind. - Flavour Tank-13 (FF Prod.),Temperature Indicator-ELC,N/A,FF16FFP,N/A,HVM-ELC-0164,FF-Production,,,,Havmor,Ready to Deploy,,
,,,Temp. Ind. - Flavour Tank-14 (FF Prod.),Temp. Ind. - Flavour Tank-14 (FF Prod.),Temperature Indicator-ELC,N/A,FF17FFP,N/A,HVM-ELC-0165,FF-Production,,,,Havmor,Ready to Deploy,,
,,,Temp. Ind. - Flavour Tank-15 (FF Prod.),Temp. Ind. - Flavour Tank-15 (FF Prod.),Temperature Indicator-ELC,N/A,FF18FFP,N/A,HVM-ELC-0166,FF-Production,,,,Havmor,Ready to Deploy,,
,,,Temp. Ind. - Flavour Tank-16 (FF Prod.),Temp. Ind. - Flavour Tank-16 (FF Prod.),Temperature Indicator-ELC,N/A,FF19FFP,N/A,HVM-ELC-0167,FF-Production,,,,Havmor,Ready to Deploy,,
,,,Temp. Ind. - Flavour Tank-17 (FF Prod.),Temp. Ind. - Flavour Tank-17 (FF Prod.),Temperature Indicator-ELC,N/A,FF20FFP,N/A,HVM-ELC-0168,FF-Production,,,,Havmor,Ready to Deploy,,
,,,Temp. Ind. - Flavour Tank-18 (FF Prod.),Temp. Ind. - Flavour Tank-18 (FF Prod.),Temperature Indicator-ELC,N/A,FF21FFP,N/A,HVM-ELC-0169,FF-Production,,,,Havmor,Ready to Deploy,,
,,,Temp. Ind. - Flavour Tank-19 (FF Prod.),Temp. Ind. - Flavour Tank-19 (FF Prod.),Temperature Indicator-ELC,N/A,FF22FFP,N/A,HVM-ELC-0170,FF-Production,,,,Havmor,Ready to Deploy,,
,,,Temp. Ind. - Flavour Tank-20 (FF Prod.),Temp. Ind. - Flavour Tank-20 (FF Prod.),Temperature Indicator-ELC,N/A,FF23FFP,N/A,HVM-ELC-0171,FF-Production,,,,Havmor,Ready to Deploy,,
,,,Temp. Ind. - Flavour Tank-21 (FF Prod.),Temp. Ind. - Flavour Tank-21 (FF Prod.),Temperature Indicator-ELC,N/A,FM24FFP,N/A,HVM-ELC-0172,FF-Production,,,,Havmor,Ready to Deploy,,
,,,Temp. Ind. - Flavour Tank-22 (FF Prod.),Temp. Ind. - Flavour Tank-22 (FF Prod.),Temperature Indicator-ELC,N/A,CBOL1,N/A,HVM-ELC-0173,FF-Production,,,,Havmor,Ready to Deploy,,
,,,Temp. Ind. - Flavour Tank-23 (FF Prod.),Temp. Ind. - Flavour Tank-23 (FF Prod.),Temperature Indicator-ELC,N/A,TCMCCT1,N/A,HVM-ELC-0174,FF-Production,,,,Havmor,Ready to Deploy,,
,,,Temp. Ind. - Flavour Tank-24 (Malai Tank) (FF Prod.),Temp. Ind. - Flavour Tank-24 (Malai Tank) (FF Prod.),Temperature Indicator-ELC,N/A,CCT1,N/A,HVM-ELC-0175,FF-Production,,,,Havmor,Ready to Deploy,,
,,,Temp. Ind. - Candy Brine Outlet,Temp. Ind. - Candy Brine Outlet,Temperature Indicator-ELC,N/A,SHT1FFP,N/A,HVM-ELC-0176,FF-Production,,,,Havmor,Ready to Deploy,,
,,,Temp. Ind. - Turbo Cone M/C Chocolate Tank,Temp. Ind. - Turbo Cone M/C Chocolate Tank,Temperature Indicator-ELC,N/A,SHT2FFP,N/A,HVM-ELC-0177,FF-Production,,,,Havmor,Ready to Deploy,,
,,,Temp. Ind. - Candy Chocolate Tank,Temp. Ind. - Candy Chocolate Tank,Temperature Indicator-ELC,N/A,HHTunnel,N/A,HVM-ELC-0178,FF-Production,,,,Havmor,Ready to Deploy,,
,,,Temp. Ind. - Spiral Hardning Tunnel 1,Temp. Ind. - Spiral Hardning Tunnel 1,Temperature Indicator-ELC,N/A,CF1OLFFP,N/A,HVM-ELC-0179,FF-Production,,,,Havmor,Ready to Deploy,,
,,,Temp. Ind. - Spiral Hardning Tunnel 2,Temp. Ind. - Spiral Hardning Tunnel 2,Temperature Indicator-ELC,N/A,CF2OLFFP,N/A,HVM-ELC-0180,FF-Production,,,,Havmor,Ready to Deploy,,
,,,Temp. Ind. - Hardning Tunnel (FF Prod.),Temp. Ind. - Hardning Tunnel (FF Prod.),Temperature Indicator-ELC,N/A,CF3OLFFP,N/A,HVM-ELC-0181,FF-Production,,,,Havmor,Ready to Deploy,,
,,,Temp. Ind. - CF-1 - I/C Outlet (FF Prod.),Temp. Ind. - CF-1 - I/C Outlet (FF Prod.),Temperature Indicator-ELC,N/A,CF4OLFFP,N/A,HVM-ELC-0182,FF-Production,,,,Havmor,Ready to Deploy,,
,,,Temp. Ind. - CF-2 - I/C Outlet (FF Prod.),Temp. Ind. - CF-2 - I/C Outlet (FF Prod.),Temperature Indicator-ELC,N/A,CF5OLFFP,N/A,HVM-ELC-0183,FF-Production,,,,Havmor,Ready to Deploy,,
,,,Temp. Ind. - CF-3 - I/C Outlet (FF Prod.),Temp. Ind. - CF-3 - I/C Outlet (FF Prod.),Temperature Indicator-ELC,N/A,CF6OLFFP,N/A,HVM-ELC-0184,FF-Production,,,,Havmor,Ready to Deploy,,
,,,Temp. Ind. - CF-4 - I/C Outlet (FF Prod.),Temp. Ind. - CF-4 - I/C Outlet (FF Prod.),Temperature Indicator-ELC,N/A,CF7OLFFP,N/A,HVM-ELC-0185,FF-Production,,,,Havmor,Ready to Deploy,,
,,,Temp. Ind. - CF-5 - I/C Outlet (FF Prod.),Temp. Ind. - CF-5 - I/C Outlet (FF Prod.),Temperature Indicator-ELC,N/A,CF9OLFFP,N/A,HVM-ELC-0186,FF-Production,,,,Havmor,Ready to Deploy,,
,,,Temp. Ind. - CF-6 - I/C Outlet (FF Prod.),Temp. Ind. - CF-6 - I/C Outlet (FF Prod.),Temperature Indicator-ELC,N/A,CF10OLFFP,N/A,HVM-ELC-0187,FF-Production,,,,Havmor,Ready to Deploy,,
,,,Temp. Ind. - CF-7 - I/C Outlet (FF Prod.),Temp. Ind. - CF-7 - I/C Outlet (FF Prod.),Temperature Indicator-ELC,N/A,CF11OLFFP,N/A,HVM-ELC-0188,FF-Production,,,,Havmor,Ready to Deploy,,
,,,Temp. Ind. - CF-9 - I/C Outlet (CANDY) (FF Prod.),Temp. Ind. - CF-9 - I/C Outlet (CANDY) (FF Prod.),Temperature Indicator-ELC,N/A,CS5FF,N/A,HVM-ELC-0189,FF-Cold Storage,,,,Havmor,Ready to Deploy,,
,,,Temp. Ind. - CF-10 - I/C Outlet (JUMBO) (FF Prod.),Temp. Ind. - CF-10 - I/C Outlet (JUMBO) (FF Prod.),Temperature Indicator-ELC,N/A,FFAR1,N/A,HVM-ELC-0190,FF-Cold Storage,,,,Havmor,Ready to Deploy,,
,,,Temp. Ind. - CF-11I/C Outlet (MATKA MC) (FF Prod.),Temp. Ind. - CF-11I/C Outlet (MATKA MC) (FF Prod.),Temperature Indicator-ELC,N/A,CS6FF,N/A,HVM-ELC-0191,FF-Cold Storage,,,,Havmor,Ready to Deploy,,
,,,Temp. Ind. - Chocolate Storage Tank For Candy M/C,Temp. Ind. - Chocolate Storage Tank For Candy M/C,Temperature Indicator-ELC,N/A,CST1FFCP,N/A,HVM-ELC-0192,FF-Chocolate Plant,,,,Havmor,Ready to Deploy,,
,,,Temp. Ind. - Chocolate Storage Tank For Cone M/C,Temp. Ind. - Chocolate Storage Tank For Cone M/C,Temperature Indicator-ELC,N/A,CST2FFCP,N/A,HVM-ELC-0193,FF-Chocolate Plant,,,,Havmor,Ready to Deploy,,
,,,Temp. Ind. - Hot Water Tank,Temp. Ind. - Hot Water Tank,Temperature Indicator-ELC,N/A,HWT1,N/A,HVM-ELC-0194,FF-Chocolate Plant,,,,Havmor,Ready to Deploy,,
,,,Temp. Ind. - R.M. Oven 1,Temp. Ind. - R.M. Oven 1,Temperature Indicator-ELC,N/A,RMO1,N/A,HVM-ELC-0195,FF-RM Store,,,,Havmor,Ready to Deploy,,
,,,Temp. Ind. - R.M. Oven 2,Temp. Ind. - R.M. Oven 2,Temperature Indicator-ELC,N/A,RMO2,N/A,HVM-ELC-0196,FF-RM Store,,,,Havmor,Ready to Deploy,,
,,,Temp. Ind. - R.M Cold Storage,Temp. Ind. - R.M Cold Storage,Temperature Indicator-ELC,N/A,RMCS1,N/A,HVM-ELC-0197,FF-RM Store,,,,Havmor,Ready to Deploy,,
,,,Temp. Ind. - Becary Cold Storage,Temp. Ind. - Becary Cold Storage,Temperature Indicator-ELC,N/A,BCS1,N/A,HVM-ELC-0198,FF-RM Store,,,,Havmor,Ready to Deploy,,
,,,Temp. Ind. - Zulu Bar Tank,Temp. Ind. - Zulu Bar Tank,Temperature Indicator-ELC,N/A,ZBT1,N/A,HVM-ELC-0199,FF-RM Store,,,,Havmor,Ready to Deploy,,
,,,Temp. Ind. - Rippal Tank,Temp. Ind. - Rippal Tank,Temperature Indicator-ELC,N/A,RT_1,N/A,HVM-ELC-0200,FF-RM Store,,,,Havmor,Ready to Deploy,,
,,,Temp. Ind. - R.M Ripple Tank,Temp. Ind. - R.M Ripple Tank,Temperature Indicator-ELC,N/A,RMRT1,N/A,HVM-ELC-0201,FF-RM Store,,,,Havmor,Ready to Deploy,,
,,,Temp. Ind. - R.M Chocolate Tea Tank,Temp. Ind. - R.M Chocolate Tea Tank,Temperature Indicator-ELC,N/A,RMCTT1,N/A,HVM-ELC-0202,FF-RM Store,,,,Havmor,Ready to Deploy,,
,,,Temp. Ind. - R.M. Mengo Tank,Temp. Ind. - R.M. Mengo Tank,Temperature Indicator-ELC,N/A,RMMT1,N/A,HVM-ELC-0203,FF-RM Store,,,,Havmor,Ready to Deploy,,
,,,Temp. Ind. - Agin Tank-1,Temp. Ind. - Agin Tank-1,Temperature Indicator-ELC,N/A,AT1,N/A,HVM-ELC-0204,FF-World Cone MC,,,,Havmor,Ready to Deploy,,
,,,Temp. Ind. - Agin Tank-2,Temp. Ind. - Agin Tank-2,Temperature Indicator-ELC,N/A,AT2,N/A,HVM-ELC-0205,FF-World Cone MC,,,,Havmor,Ready to Deploy,,
,,,Mix Area Near Pesturizer Tank - EHV-1M 1000,Mix Area Near Pesturizer Tank - EHV-1M 1000,Air Curtain-ELC,N/A,MANPT1,N/A,HVM-ELC-0206,GF Prod. Mix Area Near Pesturizer Tank,,,,Havmor,Ready to Deploy,,
,,,Mix Area Preheating Room - Hv-4' 1220,Mix Area Preheating Room - Hv-4' 1220,Air Curtain-ELC,N/A,MAPR1,N/A,HVM-ELC-0207,GF Prod. Mix Area Preheating Room,,,,Havmor,Ready to Deploy,,
,,,GF Prd. DE-1 - EHV-1M 1000,GF Prd. Door Entry-1 - EHV-1M 1000,Air Curtain-ELC,N/A,GFPDE1,N/A,HVM-ELC-0208,GF Prod.,,,,Havmor,Ready to Deploy,,
,,,GF Prd. DE-2 - EHV-1M 1000,GF Prd. Door Entry-2 - EHV-1M 1000,Air Curtain-ELC,N/A,GFPDE2,N/A,HVM-ELC-0209,GF Prod.,,,,Havmor,Ready to Deploy,,
,,,LLR-GF - EHV-1M 1000,Ladies Locker Room-GF - EHV-1M 1000,Air Curtain-ELC,N/A,LLRGF1,N/A,HVM-ELC-0210,Ladies Locker Room-GF,,,,Havmor,Ready to Deploy,,
,,,GWTW. (GF) - EHV-1M 1000,Gents Wash To Prod. (GF) - EHV-1M 1000,Air Curtain-ELC,N/A,GWTPGF1,N/A,HVM-ELC-0211,Gents Wash To Prod. (GF),,,,Havmor,Ready to Deploy,,
,,,Prd. CDNW (GF 2 Ft.) - EHV-2,Prd. Centre Door Near Washing (GF 2 Ft.) - EHV-2,Air Curtain-ELC,N/A,PCDNWGF1,N/A,HVM-ELC-0212,Prd. Centre Door Near Washing (GF 2 Ft.),,,,Havmor,Ready to Deploy,,
,,,LWTP. (GF) - EHV-1M 1000,Ladies Wash To Prod. (GF) - EHV-1M 1000,Air Curtain-ELC,N/A,LWTPGF1,N/A,HVM-ELC-0213,Ladies Wash To Prod. (GF),,,,Havmor,Ready to Deploy,,
,,,CTP (GF) - EHV - 1M 1000,Crate To Production (GF) - EHV - 1M 1000,Air Curtain-ELC,N/A,CTPGF1,N/A,HVM-ELC-0214,Crate To Prod. (GF),,,,Havmor,Ready to Deploy,,
,,,NMR (GF) - EHV-4 1220,Near Maint. Room (GF) - EHV-4 1220,Air Curtain-ELC,N/A,NMRGF1,N/A,HVM-ELC-0215,Near Maint. Room (GF),,,,Havmor,Ready to Deploy,,
,,,NED-1 - EHV-1M 1000,Novelty Entry Door-1 - EHV-1M 1000,Air Curtain-ELC,N/A,NED1,N/A,HVM-ELC-0216,Novelty Entry Door-1,,,,Havmor,Ready to Deploy,,
,,,NEd-2 - EHV-1M 1000,Novelty Entry Door-2 - EHV-1M 1000,Air Curtain-ELC,N/A,NED2,N/A,HVM-ELC-0217,Novelty Entry Door-2,,,,Havmor,Ready to Deploy,,
,,,CWA - EHV-5' 1525,Crate Wash Area - EHV-5' 1525,Air Curtain-ELC,N/A,CWA1,N/A,HVM-ELC-0218,Crate Wash Area,,,,Havmor,Ready to Deploy,,
,,,TPDLW (FF) - EHV-1M 1000,Passage To Prod. Ladies Wash (FF) - EHV-1M 1000,Air Curtain-ELC,N/A,PTPLWFF1,N/A,HVM-ELC-0219,Passage To Prod. Ladies Wash (FF),,,,Havmor,Ready to Deploy,,
,,,TPDGW (FF) - EHV-1M 1000,Passage To Prod. Gents Wash (FF) - EHV-1M 1000,Air Curtain-ELC,N/A,PTPGWFF1,N/A,HVM-ELC-0220,Passage To Prod. Gents Wash (FF),,,,Havmor,Ready to Deploy,,
,,,Prd. CDNW (FF 2 Ft.) - EHV-2' 610,Prd. Centre Door Near Washing (FF 2 Ft.) - EHV-2' 610,Air Curtain-ELC,N/A,PCDNWFF1,N/A,HVM-ELC-0221,Prd. Centre Door Near Washing (FF 2 Ft.),,,,Havmor,Ready to Deploy,,
,,,PTRMSE (FF) - EHV-1M 1000,Passage To RM Store Entry (FF) - EHV-1M 1000,Air Curtain-ELC,N/A,PTRMSEFF1,N/A,HVM-ELC-0222,Passage To RM Store Entry (FF),,,,Havmor,Ready to Deploy,,
,,,UV Light - MPHEPR,UV Light - Mix Preheating Room,UV Light-ELC,N/A,UV1,N/A,HVM-ELC-0223,Mix PHE Preheating Room,,,,Havmor,Ready to Deploy,,
,,,UV Light - MTOSA,UV Light - Mix to Out Side Area,UV Light-ELC,N/A,UV2,N/A,HVM-ELC-0224,Mix to Out Side Area,,,,Havmor,Ready to Deploy,,
,,,UV Light - NAV-2 Panel,UV Light - Near Agin vat -2 Panel,UV Light-ELC,N/A,UV3,N/A,HVM-ELC-0225,Near Agin Vat-2 Panel,,,,Havmor,Ready to Deploy,,
,,,UV Light - NAVSAP,UV Light - Near Aging Vat Staircase at Production,UV Light-ELC,N/A,UV4,N/A,HVM-ELC-0226,Near Aging Vat Staircase At Production,,,,Havmor,Ready to Deploy,,
,,,UV Light - CM/C-1 (OppWMC),UV Light - Candy M/C-1 (Opp. Wrapping M/C),UV Light-ELC,N/A,UV5,N/A,HVM-ELC-0227,Candy M/C-1 (Opp. Wrapping M/C),,,,Havmor,Ready to Deploy,,
,,,UV Light - PC - 2,UV Light - Production Column - 2,UV Light-ELC,N/A,UV6,N/A,HVM-ELC-0228,Production Column-2,,,,Havmor,Ready to Deploy,,
,,,UV Light - G.F. ERNCS,UV Light - G.F. Entery Room Near Cold storage,UV Light-ELC,N/A,UV7,N/A,HVM-ELC-0229,GF Entery Room Near Cold Storage,,,,Havmor,Ready to Deploy,,
,,,UV Light - CWA,UV Light - Crete Wash Area,UV Light-ELC,N/A,UV8,N/A,HVM-ELC-0230,Crete Wash Area,,,,Havmor,Ready to Deploy,,
,,,UV Light - Opp. PO,UV Light - Opp.production office,UV Light-ELC,N/A,UV10,N/A,HVM-ELC-0231,Opp. Prod. Office,,,,Havmor,Ready to Deploy,,
,,,UV Light - LA,UV Light - Lab Area,UV Light-ELC,N/A,UV11,N/A,HVM-ELC-0232,Lab Area,,,,Havmor,Ready to Deploy,,
,,,UV Light - BLGWA,UV Light - Between Ladies & Gents Wash Area,UV Light-ELC,N/A,UV12,N/A,HVM-ELC-0233,Between Ladies & Gents Wash Area,,,,Havmor,Ready to Deploy,,
,,,UV Light - NSLR,UV Light - Near Shoes and Ladies Room,UV Light-ELC,N/A,UV13,N/A,HVM-ELC-0234,Near Shoes And Ladies Room,,,,Havmor,Ready to Deploy,,
,,,UV Light - Opp. AP,UV Light - Opp. Armangstrong Panel,UV Light-ELC,N/A,UV14,N/A,HVM-ELC-0235,Opp. Armangstrong Panel,,,,Havmor,Ready to Deploy,,
,,,UV Light - opp. CP,UV Light - opp. Candy panel,UV Light-ELC,N/A,UV15,N/A,HVM-ELC-0236,Opp. Candy Panel,,,,Havmor,Ready to Deploy,,
,,,UV Light - MFCRE,UV Light - Mezzanine Floor Camera Room Entry,UV Light-ELC,N/A,UV16,N/A,HVM-ELC-0237,Mezzanine Fl Camera Room Entry,,,,Havmor,Ready to Deploy,,
,,,UV Light - NPA,UV Light - Novelty Passage Area,UV Light-ELC,N/A,UV17,N/A,HVM-ELC-0238,Novelty Passage Area,,,,Havmor,Ready to Deploy,,
,,,UV Light - NMEDOS-2,UV Light - Novelty main entry door out side.-2,UV Light-ELC,N/A,UV18,N/A,HVM-ELC-0239,Novelty Main Entry Door Out Side.-2,,,,Havmor,Ready to Deploy,,
,,,UV Light - INMEDIS,UV Light - In Novelty main entry door in side.,UV Light-ELC,N/A,UV19,N/A,HVM-ELC-0240,in Novelty Main Entry Door in Side.,,,,Havmor,Ready to Deploy,,
,,,UV Light - INNC,UV Light - In Novely near candy.,UV Light-ELC,N/A,UV20,N/A,HVM-ELC-0241,in Novely Near Candy.,,,,Havmor,Ready to Deploy,,
,,,UV Light - G.F. RN,UV Light - G.F. Reception Near,UV Light-ELC,N/A,UV21,N/A,HVM-ELC-0242,GF Reception Near,,,,Havmor,Ready to Deploy,,
,,,UV Light - BEHT,UV Light - Behind Extrusion Hardnind Tunnel,UV Light-ELC,N/A,UV22,N/A,HVM-ELC-0243,Behind Extrusion Hardnind Tunnel,,,,Havmor,Ready to Deploy,,
,,,UV Light - GFPRD SHP,UV Light - G.F. PRD. Static Hardning Piller,UV Light-ELC,N/A,UV23,N/A,HVM-ELC-0244,GF Prd. Static Hardning Piller,,,,Havmor,Ready to Deploy,,
,,,UV Light - NGFPRDFMTT-1,UV Light - NEAR GF PRD. FMT TANK-1,UV Light-ELC,N/A,UV24,N/A,HVM-ELC-0245,Near GF Prd. FMT Tank-1,,,,Havmor,Ready to Deploy,,
,,,UV Light - GFPRDETDI,UV Light - GF Prd. Entry Two Door Inside,UV Light-ELC,N/A,UV25,N/A,HVM-ELC-0246,GF Prd. Entry Two Door Inside,,,,Havmor,Ready to Deploy,,
,,,UV Light - MDE,UV Light - Mix Door Entry,UV Light-ELC,N/A,UV26,N/A,HVM-ELC-0247,Mix Door Entry,,,,Havmor,Ready to Deploy,,
,,,UV Light - LOS,UV Light - Lab Opp Side,UV Light-ELC,N/A,UV27,N/A,HVM-ELC-0248,Lab Opp. Side,,,,Havmor,Ready to Deploy,,
,,,UV Light - FFS3C,UV Light - FF Spiral-3 Column,UV Light-ELC,N/A,UV28,N/A,HVM-ELC-0249,FF Spiral -3 Column,,,,Havmor,Ready to Deploy,,
,,,UV Light - CIDE,UV Light - Canteen Inside Door Entry,UV Light-ELC,N/A,UV29,N/A,HVM-ELC-0250,Canteen Inside Door Entry,,,,Havmor,Ready to Deploy,,
,,,UV Light - Opp.LWAFF,UV Light - Opp. Ladies Wash Area FF,UV Light-ELC,N/A,UV30,N/A,HVM-ELC-0251,Opp. Ladies Wash Area FF,,,,Havmor,Ready to Deploy,,
,,,UV Light - WATPEFF,UV Light - Wash area to Production entry FF,UV Light-ELC,N/A,UV31,N/A,HVM-ELC-0252,Wash Area to Prod. Entry FF,,,,Havmor,Ready to Deploy,,
,,,UV Light - CP,UV Light - Chocolate Plant,UV Light-ELC,N/A,UV32,N/A,HVM-ELC-0253,Chocolate Plant,,,,Havmor,Ready to Deploy,,
,,,UV Light - NPMMD,UV Light - Near PM Metal Detector,UV Light-ELC,N/A,UV33,N/A,HVM-ELC-0254,Near PM Metal Detector,,,,Havmor,Ready to Deploy,,
,,,UV Light - NPMIDE,UV Light - Near PM Issue Door Entry,UV Light-ELC,N/A,UV34,N/A,HVM-ELC-0255,Near PM issue Door Entry,,,,Havmor,Ready to Deploy,,
,,,UV Light - SREFF,UV Light - Shorting room entry FF,UV Light-ELC,N/A,UV35,N/A,HVM-ELC-0256,Shorting Room Entry FF,,,,Havmor,Ready to Deploy,,
,,,UV Light - RMMRE,UV Light - R.M masala room entry,UV Light-ELC,N/A,UV36,N/A,HVM-ELC-0257,RM Masala Room Entry,,,,Havmor,Ready to Deploy,,
,,,UV Light - LSTRMFF,UV Light - Lift side to RM FF,UV Light-ELC,N/A,UV37,N/A,HVM-ELC-0258,Lift Side to RM FF,,,,Havmor,Ready to Deploy,,
,,,UV Light - STRMPA,UV Light - Staircase to RM Passage area,UV Light-ELC,N/A,UV38,N/A,HVM-ELC-0259,Staircase to RM Passage Area,,,,Havmor,Ready to Deploy,,
,,,UV Light - NES,UV Light - Near engineering store,UV Light-ELC,N/A,UV39,N/A,HVM-ELC-0260,Near Engineering Store,,,,Havmor,Ready to Deploy,,
,,,UV Light - FFCWAE,UV Light - F.F. Creat wash area entry,UV Light-ELC,N/A,UV40,N/A,HVM-ELC-0261,FF Creat Wash Area Entry,,,,Havmor,Ready to Deploy,,
,,,UV Light - FFCSAR,UV Light - F.F. Cold Storage Ante Room,UV Light-ELC,N/A,UV41,N/A,HVM-ELC-0262,FF Cold Storage Ante Room,,,,Havmor,Ready to Deploy,,
,,,UV Light - WCA,UV Light - World cone area,UV Light-ELC,N/A,UV42,N/A,HVM-ELC-0263,World Cone Area,,,,Havmor,Ready to Deploy,,
,,,UV Light - CW,UV Light - Crate wash,UV Light-ELC,N/A,UV43,N/A,HVM-ELC-0264,Crate Wash,,,,Havmor,Ready to Deploy,,
,,,UV Light - MGIMG,UV Light - Main gate in mascot god.,UV Light-ELC,N/A,UV44,N/A,HVM-ELC-0265,Main Gate in Mascot God.,,,,Havmor,Ready to Deploy,,
,,,UV Light - 2ndGRSIMG,UV Light - 2nd gate right side in mascot god.,UV Light-ELC,N/A,UV45,N/A,HVM-ELC-0266,2nd Gate Right Side in Mascot God.,,,,Havmor,Ready to Deploy,,
,,,UV Light - 2ndGLSIMG,UV Light - 2nd gate left side in mascot god.,UV Light-ELC,N/A,UV46,N/A,HVM-ELC-0267,2nd Gate Left Side in Mascot God.,,,,Havmor,Ready to Deploy,,
,,,UV Light - NCC,UV Light - Near Caanteen Counter,UV Light-ELC,N/A,UV47,N/A,HVM-ELC-0268,Near Canteen Counter,,,,Havmor,Ready to Deploy,,
,,,UV Light - BFFSR,UV Light - Behind F.F. Server Room,UV Light-ELC,N/A,UV48,N/A,HVM-ELC-0269,Behind FF Server Room,,,,Havmor,Ready to Deploy,,
,,,UV Light - FFLPDBOS,UV Light - F.F. Lighting Pdb Opp. Side,UV Light-ELC,N/A,UV49,N/A,HVM-ELC-0270,FF Lighting PDB Opp. Side,,,,Havmor,Ready to Deploy,,
,,,UV Light - RMDE,UV Light - R.M. Door Entry,UV Light-ELC,N/A,UV50,N/A,HVM-ELC-0271,RM Door Entry,,,,Havmor,Ready to Deploy,,
,,,UV Light - RMKLOS,UV Light - R.M. Kitchen Lift Opp. Side,UV Light-ELC,N/A,UV51,N/A,HVM-ELC-0272,RM Kitchen Lift Opp. Side,,,,Havmor,Ready to Deploy,,
,,,UV Light - RMCOS,UV Light - R.M. Cold Opp. Side,UV Light-ELC,N/A,UV52,N/A,HVM-ELC-0273,RM Cold Opp. Side,,,,Havmor,Ready to Deploy,,
,,,UV Light - RRNC,UV Light - Rest Room Near Canteen,UV Light-ELC,N/A,UV53,N/A,HVM-ELC-0274,Rest Room Near Canteen,,,,Havmor,Ready to Deploy,,
,,,UV Light - FFPRDMEID,UV Light - F.F. Prd. Main Entry Inside Door,UV Light-ELC,N/A,UV54,N/A,HVM-ELC-0275,FF Prd. Main Entry Inside Door,,,,Havmor,Ready to Deploy,,
,,,UV Light - FFCSA,UV Light - F.F. Cold Storage Area,UV Light-ELC,N/A,UV55,N/A,HVM-ELC-0276,FF Cold Storage Area,,,,Havmor,Ready to Deploy,,
,,,Cold Store 1,Cold Store 1,Cold Store-ELC,N/A,CS1CSA,N/A,HVM-ELC-0277,Cold Store Area,,,,Havmor,Ready to Deploy,,
,,,Cold Store 2,Cold Store 2,Cold Store-ELC,N/A,CS2CSA,N/A,HVM-ELC-0278,Cold Store Area,,,,Havmor,Ready to Deploy,,
,,,Cold Store 3,Cold Store 3,Cold Store-ELC,N/A,CS3CSA,N/A,HVM-ELC-0279,Cold Store Area,,,,Havmor,Ready to Deploy,,
,,,Cold Store 4,Cold Store 4,Cold Store-ELC,N/A,CS4CSA,N/A,HVM-ELC-0280,Cold Store Area,,,,Havmor,Ready to Deploy,,
,,,Cold Store 5,Cold Store 5,Cold Store-ELC,N/A,CS5CSA,N/A,HVM-ELC-0281,Cold Store Area,,,,Havmor,Ready to Deploy,,
,,,Cold Store 6,Cold Store 6,Cold Store-ELC,N/A,CS6CSA,N/A,HVM-ELC-0282,Cold Store Area,,,,Havmor,Ready to Deploy,,
,,,GF Hardening Tunnel,GF Hardening Tunnel,Cold Store-ELC,N/A,GFHT1,N/A,HVM-ELC-0283,GF Cold Store Area,,,,Havmor,Ready to Deploy,,
,,,FF Hardening Tunnel,FF Hardening Tunnel,Cold Store-ELC,N/A,FFHT1,N/A,HVM-ELC-0284,FF Cold Store Area,,,,Havmor,Ready to Deploy,,
,,,Butter Cold Store 1,Butter Cold Store 1,Cold Store-ELC,N/A,BCS1CSA,N/A,HVM-ELC-0285,Cold Store Area,,,,Havmor,Ready to Deploy,,
,,,RM Cold Store 1,RM Cold Store 1,Cold Store-ELC,N/A,RMCS1CSA,N/A,HVM-ELC-0286,Cold Store Area,,,,Havmor,Ready to Deploy,,
,,,RM Cold Store (FF) 2,RM Cold (FF) 2,Cold Store-ELC,N/A,RMCFF2,N/A,HVM-ELC-0287,FF Cold Store Area,,,,Havmor,Ready to Deploy,,
,,,Novelty Cold Store 1,Novelty Cold Store 1,Cold Store-ELC,N/A,NCS1,N/A,HVM-ELC-0288,Novelty Cold Store Area,,,,Havmor,Ready to Deploy,,
,,,Novelty Cold Store 2,Novelty Cold Store 2,Cold Store-ELC,N/A,NCS2,N/A,HVM-ELC-0289,Novelty Cold Store Area,,,,Havmor,Ready to Deploy,,
,,,Aging Vat Panel 1,Aging Vat Panel 1,PM-ELC,N/A,AVP1,N/A,HVM-ELC-0290,Electrical PM,,,,Havmor,Ready to Deploy,,
,,,Aging Vat Panel 2,Aging Vat Panel 2,PM-ELC,N/A,AVP2,N/A,HVM-ELC-0291,Electrical PM,,,,Havmor,Ready to Deploy,,
,,,Cold Storage Panel,Cold Storage Panel,PM-ELC,N/A,CSP1,N/A,HVM-ELC-0292,Electrical PM,,,,Havmor,Ready to Deploy,,
,,,Cold Storage Conveyor MCC,Cold Storage Conveyor MCC,PM-ELC,N/A,CSCMCC1,N/A,HVM-ELC-0293,Electrical PM,,,,Havmor,Ready to Deploy,,
,,,Boiler Panel BP_1,Boiler Panel BP_1,PM-ELC,N/A,BP_1,N/A,HVM-ELC-0294,Electrical PM,,,,Havmor,Ready to Deploy,,
,,,Boiler MCC,Boiler MCC,PM-ELC,N/A,BMCC1,N/A,HVM-ELC-0295,Electrical PM,,,,Havmor,Ready to Deploy,,
,,,Production MCC 1,Production MCC 1,PM-ELC,N/A,PMCC1,N/A,HVM-ELC-0296,Electrical PM,,,,Havmor,Ready to Deploy,,
,,,Production MCC 2,Production MCC 2,PM-ELC,N/A,PMCC2,N/A,HVM-ELC-0297,Electrical PM,,,,Havmor,Ready to Deploy,,
,,,Mix MCC,Mix MCC,PM-ELC,N/A,MMCC1,N/A,HVM-ELC-0298,Electrical PM,,,,Havmor,Ready to Deploy,,
,,,Mix Panel 2,Mix Panel 2,PM-ELC,N/A,MP2,N/A,HVM-ELC-0299,Electrical PM,,,,Havmor,Ready to Deploy,,
,,,DG Set & Panel,DG Set & Panel,PM-ELC,N/A,DGSP1,N/A,HVM-ELC-0300,Electrical PM,,,,Havmor,Ready to Deploy,,
,,,Plant Room MCC,Plant Room MCC,PM-ELC,N/A,PRMCC1,N/A,HVM-ELC-0301,Electrical PM,,,,Havmor,Ready to Deploy,,
,,,Lighting Panel,Lighting Panel,PM-ELC,N/A,LP1,N/A,HVM-ELC-0302,Electrical PM,,,,Havmor,Ready to Deploy,,
,,,APFC Panel,APFC Panel,PM-ELC,N/A,APFCP-1,N/A,HVM-ELC-0303,Electrical PM,,,,Havmor,Ready to Deploy,,
,,,Production Ex. MCC,Production Ex. MCC,PM-ELC,N/A,PEMCC1,N/A,HVM-ELC-0304,Electrical PM,,,,Havmor,Ready to Deploy,,
,,,Plant Room Exhaust MCC,Plant Room Exhaust MCC,PM-ELC,N/A,PREMCC1,N/A,HVM-ELC-0305,Electrical PM,,,,Havmor,Ready to Deploy,,
,,,Extrusion With Wrapping M/C,Extrusion With Wrapping M/C,PM-ELC,N/A,EWWMC1,N/A,HVM-ELC-0306,Electrical PM,,,,Havmor,Ready to Deploy,,
,,,Freezer-7,Freezer-7,PM-ELC,N/A,FR7,N/A,HVM-ELC-0307,Electrical PM,,,,Havmor,Ready to Deploy,,
,,,Freezer-8,Freezer-8,PM-ELC,N/A,FR8,N/A,HVM-ELC-0308,Electrical PM,,,,Havmor,Ready to Deploy,,
,,,Freezer-9,Freezer-9,PM-ELC,N/A,FR9,N/A,HVM-ELC-0309,Electrical PM,,,,Havmor,Ready to Deploy,,
,,,Freezer-10,Freezer-10,PM-ELC,N/A,FR10,N/A,HVM-ELC-0310,Electrical PM,,,,Havmor,Ready to Deploy,,
,,,Frick MCC-1,Frick MCC-1,PM-ELC,N/A,FMCC1,N/A,HVM-ELC-0311,Electrical PM,,,,Havmor,Ready to Deploy,,
,,,Frick MCC-2,Frick MCC-2,PM-ELC,N/A,FMCC2,N/A,HVM-ELC-0312,Electrical PM,,,,Havmor,Ready to Deploy,,
,,,Frick MCC-3,Frick MCC-3,PM-ELC,N/A,FMCC3,N/A,HVM-ELC-0313,Electrical PM,,,,Havmor,Ready to Deploy,,
,,,Candy M/C1,Candy M/C1,PM-ELC,N/A,CMC1,N/A,HVM-ELC-0314,Electrical PM,,,,Havmor,Ready to Deploy,,
,,,Candy M/C2,Candy M/C2,PM-ELC,N/A,CMC2,N/A,HVM-ELC-0315,Electrical PM,,,,Havmor,Ready to Deploy,,
,,,Wrapping M/C1,Wrapping M/C1,PM-ELC,N/A,WMC_1,N/A,HVM-ELC-0316,Electrical PM,,,,Havmor,Ready to Deploy,,
,,,Wrapping M/C2,Wrapping M/C2,PM-ELC,N/A,WMC_2,N/A,HVM-ELC-0317,Electrical PM,,,,Havmor,Ready to Deploy,,
,,,Wrapping M/C3,Wrapping M/C3,PM-ELC,N/A,WMC_3,N/A,HVM-ELC-0318,Electrical PM,,,,Havmor,Ready to Deploy,,
,,,Wrapping M/C4,Wrapping M/C4,PM-ELC,N/A,WMC_4,N/A,HVM-ELC-0319,Electrical PM,,,,Havmor,Ready to Deploy,,
,,,Spiral Hardening Panel 1,Spiral Hardening Panel 1,PM-ELC,N/A,SHP1,N/A,HVM-ELC-0320,Electrical PM,,,,Havmor,Ready to Deploy,,
,,,Spiral Hardening Panel 2,Spiral Hardening Panel 2,PM-ELC,N/A,SHP2,N/A,HVM-ELC-0321,Electrical PM,,,,Havmor,Ready to Deploy,,
,,,Freezer 1/Fruitfeeder,Freezer 1/Fruitfeeder,PM-ELC,N/A,FR1F,N/A,HVM-ELC-0322,Electrical PM,,,,Havmor,Ready to Deploy,,
,,,Freezer 2/Fruitfeeder,Freezer 2/Fruitfeeder,PM-ELC,N/A,FR2F,N/A,HVM-ELC-0323,Electrical PM,,,,Havmor,Ready to Deploy,,
,,,Freezer 3/Fruitfeeder,Freezer 3/Fruitfeeder,PM-ELC,N/A,FR3F,N/A,HVM-ELC-0324,Electrical PM,,,,Havmor,Ready to Deploy,,
,,,Freezer 4/Ripple M/C,Freezer 4/Ripple M/C,PM-ELC,N/A,FR4RMC,N/A,HVM-ELC-0325,Electrical PM,,,,Havmor,Ready to Deploy,,
,,,Freezer 5/Ripple M/C,Freezer 5/Ripple M/C,PM-ELC,N/A,FR5RMC,N/A,HVM-ELC-0326,Electrical PM,,,,Havmor,Ready to Deploy,,
,,,Freezer 6/Ripple M/C,Freezer 6/Ripple M/C,PM-ELC,N/A,FR6RMC,N/A,HVM-ELC-0327,Electrical PM,,,,Havmor,Ready to Deploy,,
,,,Cone M/C Panel,Cone M/C Panel,PM-ELC,N/A,CMCP_1,N/A,HVM-ELC-0328,Electrical PM,,,,Havmor,Ready to Deploy,,
,,,Coolups Panel,Coolups Panel,PM-ELC,N/A,CP1,N/A,HVM-ELC-0329,Electrical PM,,,,Havmor,Ready to Deploy,,
,,,Small Cup Panel,Small Cup Panel,PM-ELC,N/A,SCP1,N/A,HVM-ELC-0330,Electrical PM,,,,Havmor,Ready to Deploy,,
,,,Big Cup M/C Panel,Big Cup M/C Panel,PM-ELC,N/A,BCMCP1,N/A,HVM-ELC-0331,Electrical PM,,,,Havmor,Ready to Deploy,,
,,,ETP Panel,ETP Panel,PM-ELC,N/A,ETPP1,N/A,HVM-ELC-0332,Electrical PM,,,,Havmor,Ready to Deploy,,
,,,Vehicle Charging Panel,Vehicle Charging Panel,PM-ELC,N/A,VCP1,N/A,HVM-ELC-0333,Electrical PM,,,,Havmor,Ready to Deploy,,
,,,Crate Wash Panel/Fruitfeeder,Crate Wash Panel/Fruitfeeder,PM-ELC,N/A,CRWPF1,N/A,HVM-ELC-0334,Electrical PM,,,,Havmor,Ready to Deploy,,
,,,Main LT Panel (FF),Main LT Panel (FF),PM-ELC,N/A,MLTPFF1,N/A,HVM-ELC-0335,Electrical PM,,,,Havmor,Ready to Deploy,,
,,,APFC Panel (FF),APFC Panel (FF),PM-ELC,N/A,APFCPFF1,N/A,HVM-ELC-0336,Electrical PM,,,,Havmor,Ready to Deploy,,
,,,Frick MCC 4 (FF),Frick MCC 4 (FF),PM-ELC,N/A,FMCC4FF,N/A,HVM-ELC-0337,Electrical PM,,,,Havmor,Ready to Deploy,,
,,,Lighting PDB Panel (FF),Lighting PDB Panel (FF),PM-ELC,N/A,LPDBPFF1,N/A,HVM-ELC-0338,Electrical PM,,,,Havmor,Ready to Deploy,,
,,,Production MCC (FF),Production MCC (FF),PM-ELC,N/A,PMCCFF1,N/A,HVM-ELC-0339,Electrical PM,,,,Havmor,Ready to Deploy,,
,,,Cold Storage MCC (FF),Cold Storage MCC (FF),PM-ELC,N/A,CSMCCFF1,N/A,HVM-ELC-0340,Electrical PM,,,,Havmor,Ready to Deploy,,
,,,Frick MCC 5,Frick MCC 5,PM-ELC,N/A,F5,N/A,HVM-ELC-0341,Electrical PM,,,,Havmor,Ready to Deploy,,
,,,Frick MCC 6,Frick MCC 6,PM-ELC,N/A,F6,N/A,HVM-ELC-0342,Electrical PM,,,,Havmor,Ready to Deploy,,
,,,Frick MCC 7,Frick MCC 7,PM-ELC,N/A,F7,N/A,HVM-ELC-0343,Electrical PM,,,,Havmor,Ready to Deploy,,
,,,CIP Panel-1,CIP Panel-1,PM-ELC,N/A,CC1,N/A,HVM-ELC-0344,Electrical PM,,,,Havmor,Ready to Deploy,,
,,,CIP Control Panel,CIP Control Panel,PM-ELC,N/A,CIPCP1,N/A,HVM-ELC-0345,Electrical PM,,,,Havmor,Ready to Deploy,,
,,,FF-Freezer 1/Fruit Feeder,FF-Freezer 1/Fruit Feeder,PM-ELC,N/A,FFFR1FF,N/A,HVM-ELC-0346,Electrical PM,,,,Havmor,Ready to Deploy,,
,,,FF-Freezer 2/Fruit Feeder,FF-Freezer 2/Fruit Feeder,PM-ELC,N/A,FFFR2FF,N/A,HVM-ELC-0347,Electrical PM,,,,Havmor,Ready to Deploy,,
,,,FF-Freezer 3/Fruit Feeder,FF-Freezer 3/Fruit Feeder,PM-ELC,N/A,FFFR3FF,N/A,HVM-ELC-0348,Electrical PM,,,,Havmor,Ready to Deploy,,
,,,FF-Freezer 4/Ripple M/C,FF-Freezer 4/Ripple M/C,PM-ELC,N/A,FFFR4FF,N/A,HVM-ELC-0349,Electrical PM,,,,Havmor,Ready to Deploy,,
,,,FF-Freezer 5/Ripple M/C,FF-Freezer 5/Ripple M/C,PM-ELC,N/A,FFFR5FF,N/A,HVM-ELC-0350,Electrical PM,,,,Havmor,Ready to Deploy,,
,,,FF-Freezer 6/Ripple M/C,FF-Freezer 6/Ripple M/C,PM-ELC,N/A,FFFR6FF,N/A,HVM-ELC-0351,Electrical PM,,,,Havmor,Ready to Deploy,,
,,,FF-Freezer 7,FF-Freezer 7,PM-ELC,N/A,FFFR7,N/A,HVM-ELC-0352,Electrical PM,,,,Havmor,Ready to Deploy,,
,,,FF-Freezer 8,FF-Freezer 8,PM-ELC,N/A,FFFR8,N/A,HVM-ELC-0353,Electrical PM,,,,Havmor,Ready to Deploy,,
,,,FF-Freezer 9,FF-Freezer 9,PM-ELC,N/A,FFFR9,N/A,HVM-ELC-0354,Electrical PM,,,,Havmor,Ready to Deploy,,
,,,FF-Freezer 10,FF-Freezer 10,PM-ELC,N/A,FFFR10,N/A,HVM-ELC-0355,Electrical PM,,,,Havmor,Ready to Deploy,,
,,,FF-Freezer 11,FF-Freezer 11,PM-ELC,N/A,FFFR11,N/A,HVM-ELC-0356,Electrical PM,,,,Havmor,Ready to Deploy,,
,,,China Cone M/C,China Cone M/C,PM-ELC,N/A,CCMC1,N/A,HVM-ELC-0357,Electrical PM,,,,Havmor,Ready to Deploy,,
,,,Candy M/C 3,Candy M/C 3,PM-ELC,N/A,CMC3,N/A,HVM-ELC-0358,Electrical PM,,,,Havmor,Ready to Deploy,,
,,,Wrapping M/C 1,Wrapping M/C 1,PM-ELC,N/A,WMC1,N/A,HVM-ELC-0359,Electrical PM,,,,Havmor,Ready to Deploy,,
,,,Wrapping M/C 2,Wrapping M/C 2,PM-ELC,N/A,WMC2,N/A,HVM-ELC-0360,Electrical PM,,,,Havmor,Ready to Deploy,,
,,,Wrapping M/C 3,Wrapping M/C 3,PM-ELC,N/A,WCM3,N/A,HVM-ELC-0361,Electrical PM,,,,Havmor,Ready to Deploy,,
,,,Mix Panel 3,Mix Panel 3,PM-ELC,N/A,MM3,N/A,HVM-ELC-0362,Electrical PM,,,,Havmor,Ready to Deploy,,
,,,Spiral Hardening Panel 3,Spiral Hardening Panel 3,PM-ELC,N/A,SHP3,N/A,HVM-ELC-0363,Electrical PM,,,,Havmor,Ready to Deploy,,
,,,Spiral Hardening Panel 4,Spiral Hardening Panel 4,PM-ELC,N/A,SHP4,N/A,HVM-ELC-0364,Electrical PM,,,,Havmor,Ready to Deploy,,
,,,Novelty Section Main Panel,Novelty Section Main Panel,PM-ELC,N/A,NSMP1,N/A,HVM-ELC-0365,Electrical PM,,,,Havmor,Ready to Deploy,,
,,,VFD Panel,VFD Panel,PM-ELC,N/A,VFDP1,N/A,HVM-ELC-0366,Electrical PM,,,,Havmor,Ready to Deploy,,
,,,World Cone Panel,World Cone Panel,PM-ELC,N/A,WCP1,N/A,HVM-ELC-0367,Electrical PM,,,,Havmor,Ready to Deploy,,
,,,New ETP RO Plant Panel,New ETP RO Plant Panel,PM-ELC,N/A,NETPROPP1,N/A,HVM-ELC-0368,Electrical PM,,,,Havmor,Ready to Deploy,,
,,,MBR Panel,MBR Panel,PM-ELC,N/A,MBRP1,N/A,HVM-ELC-0369,Electrical PM,,,,Havmor,Ready to Deploy,,
,,,Glycol Chiller Panel,Glycol Chiller Panel,PM-ELC,N/A,GCP1,N/A,HVM-ELC-0370,Electrical PM,,,,Havmor,Ready to Deploy,,
,,,Air Compressor Panel,Air Compressor Panel,PM-ELC,N/A,ACP1,N/A,HVM-ELC-0371,Electrical PM,,,,Havmor,Ready to Deploy,,
,,,Novelty Freezer 1,Novelty Freezer 1,PM-ELC,N/A,NF1,N/A,HVM-ELC-0372,Electrical PM,,,,Havmor,Ready to Deploy,,
,,,Novelty Freezer 2,Novelty Freezer 2,PM-ELC,N/A,NF2,N/A,HVM-ELC-0373,Electrical PM,,,,Havmor,Ready to Deploy,,
,,,Novelty Freezer 3,Novelty Freezer 3,PM-ELC,N/A,NF3,N/A,HVM-ELC-0374,Electrical PM,,,,Havmor,Ready to Deploy,,
,,,Candy Tank,Candy Tank,PM-ELC,N/A,CT_1,N/A,HVM-ELC-0375,Electrical PM,,,,Havmor,Ready to Deploy,,
,,,Homogenizer 2 Panel,Homogenizer 2 Panel,PM-ELC,N/A,H2P,N/A,HVM-ELC-0376,Electrical PM,,,,Havmor,Ready to Deploy,,
,,,Homogenizer 3 Panel,Homogenizer 3 Panel,PM-ELC,N/A,H3P,N/A,HVM-ELC-0377,Electrical PM,,,,Havmor,Ready to Deploy,,
,,,APFC Panel 1,APFC Panel 1,Capacitor-ELC,N/A,APFCP1,N/A,HVM-ELC-0378,Electrical PM,,,,Havmor,Ready to Deploy,,
,,,APFC Panel 2,APFC Panel 2,Capacitor-ELC,N/A,APFCP2,N/A,HVM-ELC-0379,Electrical PM,,,,Havmor,Ready to Deploy,,
,,,FF Prod. PMCC Panel,FF Prod. PMCC Panel,Capacitor-ELC,N/A,FFPPMCCP1,N/A,HVM-ELC-0380,Electrical PM,,,,Havmor,Ready to Deploy,,
,,,Out Door Panel 1 2000KVA,Out Door Panel 1 2000KVA,Capacitor-ELC,N/A,ODP12KVA,N/A,HVM-ELC-0381,Electrical PM,,,,Havmor,Ready to Deploy,,
,,,Boiler Panel,Boiler Panel,Capacitor-ELC,N/A,BP_2,N/A,HVM-ELC-0382,Electrical PM,,,,Havmor,Ready to Deploy,,
,,,Mix Panel,Mix Panel,Capacitor-ELC,N/A,MP1,N/A,HVM-ELC-0383,Electrical PM,,,,Havmor,Ready to Deploy,,
,,,Candy MCC Panel 1,Candy MCC Panel 1,Capacitor-ELC,N/A,CMCCP1,N/A,HVM-ELC-0384,Electrical PM,,,,Havmor,Ready to Deploy,,
,,,FF Cold Storage Panel,FF Cold Storage Panel,Capacitor-ELC,N/A,FFCSP1,N/A,HVM-ELC-0385,Electrical PM,,,,Havmor,Ready to Deploy,,
,,,FF Spiral MCC 1,FF Spiral MCC 1,Capacitor-ELC,N/A,FFSMCC1,N/A,HVM-ELC-0386,Electrical PM,,,,Havmor,Ready to Deploy,,
,,,Out Door Panel 2 2000KVA,Out Door Panel 2 2000KVA,Capacitor-ELC,N/A,ODP2KVA,N/A,HVM-ELC-0387,Electrical PM,,,,Havmor,Ready to Deploy,,
,,,Thyristor Control APFC Panel,Thyristor Control APFC Panel,Capacitor-ELC,N/A,TCAPFCP1,N/A,HVM-ELC-0388,Electrical PM,,,,Havmor,Ready to Deploy,,
,,,APFC Panel 3,APFC Panel 3,Capacitor-ELC,N/A,APFCP3,N/A,HVM-ELC-0389,Electrical PM,,,,Havmor,Ready to Deploy,,
,,,PA (GFS) - Metal Detector No 1,"Production Area, (GFS) - Metal Detector No 1",Metal Detector-ELC,N/A,MD1C1,N/A,HVM-ELC-0390,"Production Area, (GFS)",,,,Havmor,Ready to Deploy,,
,,,PA (GFS) - Metal Detector No 2,"Production Area, (GFS) - Metal Detector No 2",Metal Detector-ELC,N/A,MD1C2,N/A,HVM-ELC-0391,"Production Area, (GFS)",,,,Havmor,Ready to Deploy,,
,,,PA (GFS) - Metal Detector No 3,"Production Area, (GFS) - Metal Detector No 3",Metal Detector-ELC,N/A,MD3S,N/A,HVM-ELC-0392,"Production Area, (GFS)",,,,Havmor,Ready to Deploy,,
,,,C M/C-1 (GFT) - Metal Detector No 1,Cone M/C-1 (GFT) - Metal Detector No 1,Metal Detector-ELC,N/A,MDC1,N/A,HVM-ELC-0393,Cone M/C-1 (GFT),,,,Havmor,Ready to Deploy,,
,,,C M/C-2 (GFT) - Metal Detector No 2,Cone M/C-2 (GFT) - Metal Detector No 2,Metal Detector-ELC,N/A,MDC2,N/A,HVM-ELC-0394,Cone M/C-2 (GFT),,,,Havmor,Ready to Deploy,,
,,,C M/C-3 (GFT) - Metal Detector No 3,Cone M/C-3 (GFT) - Metal Detector No 3,Metal Detector-ELC,N/A,MDC3,N/A,HVM-ELC-0395,Cone M/C-3 (GFT),,,,Havmor,Ready to Deploy,,
,,,J CM/C (GFU) - Metal Detector,Jumbo Cup M/C (GFU) - Metal Detector,Metal Detector-ELC,N/A,MDJC1,N/A,HVM-ELC-0396,Jumbo Cup M/C (GFU),,,,Havmor,Ready to Deploy,,
,,,B CM/C (GFU) - Metal Detector,Big Cup M/C (GFU) - Metal Detector,Metal Detector-ELC,N/A,MDBC1,N/A,HVM-ELC-0397,Big Cup M/C (GFU),,,,Havmor,Ready to Deploy,,
,,,E M/C-1 (GFU) - Metal Detector,Extrusion M/C-1 (GFU) - Metal Detector,Metal Detector-ELC,N/A,MDE1,N/A,HVM-ELC-0398,Extrusion M/C-1 (GFU),,,,Havmor,Ready to Deploy,,
,,,CF-4 (GFU) - Metal Detector No 1,CF-4 (GFU) - Metal Detector No 1,Metal Detector-ELC,N/A,MDCF4,N/A,HVM-ELC-0399,CF-4 (GFU),,,,Havmor,Ready to Deploy,,
,,,CF-5 (GFU) - Metal Detector No 2,CF-5 (GFU) - Metal Detector No 2,Metal Detector-ELC,N/A,MDCF5,N/A,HVM-ELC-0400,CF-5 (GFU),,,,Havmor,Ready to Deploy,,
,,,N (GFU) - Metal Detector,Novelty (GFU) - Metal Detector,Metal Detector-ELC,N/A,MDN,N/A,HVM-ELC-0401,Novelty (GFU),,,,Havmor,Ready to Deploy,,
,,,"PA, (FFU) - Metal Detector No 1","Production Area, (FFU) - Metal Detector No 1",Metal Detector-ELC,N/A,MDN1H,N/A,HVM-ELC-0402,"Production Area, (FFU)",,,,Havmor,Ready to Deploy,,
,,,"PA, (FFU) - Metal Detector No 2","Production Area, (FFU) - Metal Detector No 2",Metal Detector-ELC,N/A,MDN2S,N/A,HVM-ELC-0403,"Production Area, (FFU)",,,,Havmor,Ready to Deploy,,
,,,CM/C-4 (FFU) - Metal Detector No 5,Cone M/C-4 (FFU) - Metal Detector No 5,Metal Detector-ELC,N/A,MDN5MC4,N/A,HVM-ELC-0404,Cone M/C-4 (FFU),,,,Havmor,Ready to Deploy,,
,,,CM/C-5 (FFT) - Metal Detector No 5,Cone M/C-5 (FFT) - Metal Detector No 5,Metal Detector-ELC,N/A,MDN5MC5,N/A,HVM-ELC-0405,Cone M/C-5 (FFT),,,,Havmor,Ready to Deploy,,
,,,BC M/C (FFU) - Metal Detector,Big Cup M/C (FFU) - Metal Detector,Metal Detector-ELC,N/A,MDBCMC1,N/A,HVM-ELC-0406,Big Cup M/C (FFU),,,,Havmor,Ready to Deploy,,
,,,SC M/C (FFU) - Metal Detector,Small Cup M/C (FFU) - Metal Detector,Metal Detector-ELC,N/A,MDSCMC,N/A,HVM-ELC-0407,Small Cup M/C (FFU),,,,Havmor,Ready to Deploy,,
,,,CF-4 (FFU) - Metal Detector No 1,CF-4 (FFU) - Metal Detector No 1,Metal Detector-ELC,N/A,MDN1CF4,N/A,HVM-ELC-0408,CF-4 (FFU),,,,Havmor,Ready to Deploy,,
,,,CF-5 (FFU) - Metal Detector No 1,CF-5 (FFU) - Metal Detector No 1,Metal Detector-ELC,N/A,MDN1CF5,N/A,HVM-ELC-0409,CF-5 (FFU),,,,Havmor,Ready to Deploy,,
,,,C-1 (FFU) - Metal Detector No 2,Candy-1 (FFU) - Metal Detector No 2,Metal Detector-ELC,N/A,MDN2C1,N/A,HVM-ELC-0410,Candy-1 (FFU),,,,Havmor,Ready to Deploy,,
,,,M M/C (FFU) - Metal Detector,Mataka M/C (FFU) - Metal Detector,Metal Detector-ELC,N/A,MDMMC,N/A,HVM-ELC-0411,Mataka M/C (FFU),,,,Havmor,Ready to Deploy,,
,,,MPC (FFU) - Metal Detector,Mataka Packing Conveyor (FFU) - Metal Detector,Metal Detector-ELC,N/A,MDMPC,N/A,HVM-ELC-0412,Mataka Packing Conveyor (FFU),,,,Havmor,Ready to Deploy,,
,,,JC M/C (FFU) - Metal Detector,Jumbo Cup M/C (FFU) - Metal Detector,Metal Detector-ELC,N/A,MDJCMC,N/A,HVM-ELC-0413,Jumbo Cup M/C (FFU),,,,Havmor,Ready to Deploy,,
,,,WC M/C (FFU) - Metal Detector,World Cone M/C (FFU) - Metal Detector,Metal Detector-ELC,N/A,MDWCMC,N/A,HVM-ELC-0414,World Cone M/C (FFU),,,,Havmor,Ready to Deploy,,
,,,RMI (FFU)-Metal Detector No 1,RM issue (FFU),Metal Detector-ELC,N/A,MDN1RM,N/A,HVM-ELC-0415,RM issue (FFU),,,,Havmor,Ready to Deploy,,
,,,RMI (FFU)-Metal Detector No 3 (Near Office),RM issue (FFU)-(Near Office),Metal Detector-ELC,N/A,MDN3NO,N/A,HVM-ELC-0416,RM issue (FFU)-(Near Office),,,,Havmor,Ready to Deploy,,
,,,RMG (FF)-Metal Detector No 1,RM Gravety (FF),Metal Detector-ELC,N/A,MDN1RMG,N/A,HVM-ELC-0417,RM Gravety (FF),,,,Havmor,Ready to Deploy,,
,,,RMG (FF)-Metal Detector No 2,RM Gravety (FF),Metal Detector-ELC,N/A,MDN2RMG,N/A,HVM-ELC-0418,RM Gravety (FF),,,,Havmor,Ready to Deploy,,
,,,PMI (FFU)-Metal Detector No 1,PM issue (FFU),Metal Detector-ELC,N/A,MDN1,N/A,HVM-ELC-0419,PM issue (FFU)-Metal Detector No 1,,,,Havmor,Ready to Deploy,,
,,,(GFP) Line 1,Line 1 (GF Production),Hygiene/Panel Cleaning-ELC,N/A,L1GFP,N/A,HVM-ELC-0420,GF Prod.,,,,Havmor,Ready to Deploy,,
,,,(GFP) Line 2,Line 2 (GF Production),Hygiene/Panel Cleaning-ELC,N/A,L2GFP,N/A,HVM-ELC-0421,GF Prod.,,,,Havmor,Ready to Deploy,,
,,,(GFP) Line 3,Line 3 (GF Production),Hygiene/Panel Cleaning-ELC,N/A,L3GFP,N/A,HVM-ELC-0422,GF Prod.,,,,Havmor,Ready to Deploy,,
,,,(GFP) Line 4,Line 4 (GF Production),Hygiene/Panel Cleaning-ELC,N/A,L4GFP,N/A,HVM-ELC-0423,GF Prod.,,,,Havmor,Ready to Deploy,,
,,,(GFP) Line 5,Line 5 (GF Production),Hygiene/Panel Cleaning-ELC,N/A,L5GFP,N/A,HVM-ELC-0424,GF Prod.,,,,Havmor,Ready to Deploy,,
,,,(GFP) Line 6,Line 6 (GF Production),Hygiene/Panel Cleaning-ELC,N/A,L6GFP,N/A,HVM-ELC-0425,GF Prod.,,,,Havmor,Ready to Deploy,,
,,,(GFP) Line 7,Line 7 (GF Production),Hygiene/Panel Cleaning-ELC,N/A,L7GFP,N/A,HVM-ELC-0426,GF Prod.,,,,Havmor,Ready to Deploy,,
,,,(GFP) Line 8,Line 8 (GF Production),Hygiene/Panel Cleaning-ELC,N/A,L8GFP,N/A,HVM-ELC-0427,GF Prod.,,,,Havmor,Ready to Deploy,,
,,,(GFP) Line 9,Line 9 (GF Production),Hygiene/Panel Cleaning-ELC,N/A,L9GFP,N/A,HVM-ELC-0428,GF Prod.,,,,Havmor,Ready to Deploy,,
,,,(GFP) Line 10,Line 10 (GF Production),Hygiene/Panel Cleaning-ELC,N/A,L10GFP,N/A,HVM-ELC-0429,GF Prod.,,,,Havmor,Ready to Deploy,,
,,,(FFP) Line 1,Line 1 (FF Production),Hygiene/Panel Cleaning-ELC,N/A,L1FFP,N/A,HVM-ELC-0430,FF Prod.,,,,Havmor,Ready to Deploy,,
,,,(FFP) Line 2,Line 2 (FF Production),Hygiene/Panel Cleaning-ELC,N/A,L2FFP,N/A,HVM-ELC-0431,FF Prod.,,,,Havmor,Ready to Deploy,,
,,,(FFP) Line 3,Line 3 (FF Production),Hygiene/Panel Cleaning-ELC,N/A,L3FFP,N/A,HVM-ELC-0432,FF Prod.,,,,Havmor,Ready to Deploy,,
,,,(FFP) Line 4,Line 4 (FF Production),Hygiene/Panel Cleaning-ELC,N/A,L4FFP,N/A,HVM-ELC-0433,FF Prod.,,,,Havmor,Ready to Deploy,,
,,,(FFP) Line 5,Line 5 (FF Production),Hygiene/Panel Cleaning-ELC,N/A,L5FFP,N/A,HVM-ELC-0434,FF Prod.,,,,Havmor,Ready to Deploy,,
,,,(FFP) Line 6,Line 6 (FF Production),Hygiene/Panel Cleaning-ELC,N/A,L6FFP,N/A,HVM-ELC-0435,FF Prod.,,,,Havmor,Ready to Deploy,,
,,,(FFP) Line 7,Line 7 (FF Production),Hygiene/Panel Cleaning-ELC,N/A,L7FFP,N/A,HVM-ELC-0436,FF Prod.,,,,Havmor,Ready to Deploy,,
,,,(FFP) Line 8,Line 8 (FF Production),Hygiene/Panel Cleaning-ELC,N/A,L8FFP,N/A,HVM-ELC-0437,FF Prod.,,,,Havmor,Ready to Deploy,,
,,,(FFP) Line 9,Line 9 (FF Production),Hygiene/Panel Cleaning-ELC,N/A,L9FFP,N/A,HVM-ELC-0438,FF Prod.,,,,Havmor,Ready to Deploy,,
,,,(FFP) Line 10,Line 10 (FF Production),Hygiene/Panel Cleaning-ELC,N/A,L10FFP,N/A,HVM-ELC-0439,FF Prod.,,,,Havmor,Ready to Deploy,,
,,,(FFP) Line 11,Line 11 (FF Production),Hygiene/Panel Cleaning-ELC,N/A,L11FFP,N/A,HVM-ELC-0440,FF Prod.,,,,Havmor,Ready to Deploy,,
,,,Lift for RMK,Lift for RM Kitchen,Lift-ELC,N/A,LRMK,N/A,HVM-ELC-0441,RM Kitchen,,,,Havmor,Ready to Deploy,,
,,,Lift for ML/URMS,Lift for Materiels Load/Unload at RM Store,Lift-ELC,N/A,LMLURMS1,N/A,HVM-ELC-0442,RM Store 1,,,,Havmor,Ready to Deploy,,
,,,Lift for MLUPMS1,Lift for Materiels Load/Unload at PM Store 1,Lift-ELC,N/A,LMLUPMS1,N/A,HVM-ELC-0443,PM Store 1,,,,Havmor,Ready to Deploy,,
,,,Lift for MLUPMS2,Lift for Materiels Load/Unload at PM Store 2,Lift-ELC,N/A,LMLUPMS2,N/A,HVM-ELC-0444,PM Store 2,,,,Havmor,Ready to Deploy,,
,,,Lift for MLUD,Lift for Materiels Load/Unload at Dispatch,Lift-ELC,N/A,LMLUD1,N/A,HVM-ELC-0445,Dispatch Area 1,,,,Havmor,Ready to Deploy,,
,,,Lift for MLUN,Lift for Materiels Load/Unload at Novelty,Lift-ELC,N/A,LMLUN2,N/A,HVM-ELC-0446,Novelty Area 1,,,,Havmor,Ready to Deploy,,
,,,TRA-Safety & Fire Checks,TR Area - Safety & Fire Checks,ELC-Safety & Fire Checks,N/A,TA,N/A,HVM-ELC-0447,TR Area,,,,Havmor,Ready to Deploy,,
,,,SY-Safety & Fire Checks,Scrap Yard - Safety & Fire Checks,ELC-Safety & Fire Checks,N/A,SC,N/A,HVM-ELC-0448,Scrap Yard,,,,Havmor,Ready to Deploy,,
,,,DGSA-Safety & Fire Checks,DG Set Area - Safety & Fire Checks,ELC-Safety & Fire Checks,N/A,DG,N/A,HVM-ELC-0449,DG Set Area,,,,Havmor,Ready to Deploy,,
,,,VC-Safety & Fire Checks,Vehicle Charger - Safety & Fire Checks,ELC-Safety & Fire Checks,N/A,VC,N/A,HVM-ELC-0450,Vehicle Charger,,,,Havmor,Ready to Deploy,,
,,,FFP-Safety & Fire Checks,FF Prod. - Safety & Fire Checks,ELC-Safety & Fire Checks,N/A,FFPS,N/A,HVM-ELC-0451,FF Prod.,,,,Havmor,Ready to Deploy,,
,,,GFP-Safety & Fire Checks,GF Prod. - Safety & Fire Checks,ELC-Safety & Fire Checks,N/A,GFPS,N/A,HVM-ELC-0452,GF Prod.,,,,Havmor,Ready to Deploy,,
,,,RMS-Safety & Fire Checks,RM Section - Safety & Fire Checks,ELC-Safety & Fire Checks,N/A,RMSF,N/A,HVM-ELC-0453,RM Section,,,,Havmor,Ready to Deploy,,
,,,N-Safety & Fire Checks,Novelty - Safety & Fire Checks,ELC-Safety & Fire Checks,N/A,NSFC,N/A,HVM-ELC-0454,Novelty,,,,Havmor,Ready to Deploy,,
,,,DS-Safety & Fire Checks,Dispatch Section - Safety & Fire Checks,ELC-Safety & Fire Checks,N/A,DSSFC,N/A,HVM-ELC-0455,Dispatch Section,,,,Havmor,Ready to Deploy,,
,,,LF-Safety & Fire Checks,Luggage Lift - Safety & Fire Checks,ELC-Safety & Fire Checks,N/A,LLSFC,N/A,HVM-ELC-0456,Luggage Lift,,,,Havmor,Ready to Deploy,,
,,,Candy M/C 1 (GF),Candy M/C 1 (GF),Lux Level-ELC,N/A,CMC1GF,N/A,HVM-ELC-0457,Process Area,,,,Havmor,Ready to Deploy,,
,,,Candy M/C 2 (GF),Candy M/C 2 (GF),Lux Level-ELC,N/A,CMC2GF,N/A,HVM-ELC-0458,Process Area,,,,Havmor,Ready to Deploy,,
,,,Prod. Line 1 (GF),Prod. Line 1 (GF),Lux Level-ELC,N/A,PL1GF,N/A,HVM-ELC-0459,Process Area,,,,Havmor,Ready to Deploy,,
,,,Prod. Line 2 (GF),Prod. Line 2 (GF),Lux Level-ELC,N/A,PL2GF,N/A,HVM-ELC-0460,Process Area,,,,Havmor,Ready to Deploy,,
,,,Prod. Line 3 (GF),Prod. Line 3 (GF),Lux Level-ELC,N/A,PL3GF,N/A,HVM-ELC-0461,Process Area,,,,Havmor,Ready to Deploy,,
,,,Prod. Line 4 (GF),Prod. Line 4 (GF),Lux Level-ELC,N/A,PL4GF,N/A,HVM-ELC-0462,Process Area,,,,Havmor,Ready to Deploy,,
,,,Prod. Line 5 (GF),Prod. Line 5 (GF),Lux Level-ELC,N/A,PL5GF,N/A,HVM-ELC-0463,Process Area,,,,Havmor,Ready to Deploy,,
,,,Prod. Line 6 (GF),Prod. Line 6 (GF),Lux Level-ELC,N/A,PL6GF,N/A,HVM-ELC-0464,Process Area,,,,Havmor,Ready to Deploy,,
,,,Prod. Line 7 (GF),Prod. Line 7 (GF),Lux Level-ELC,N/A,PL7GF,N/A,HVM-ELC-0465,Process Area,,,,Havmor,Ready to Deploy,,
,,,Prod. Line 8 (GF),Prod. Line 8 (GF),Lux Level-ELC,N/A,PL8GF,N/A,HVM-ELC-0466,Process Area,,,,Havmor,Ready to Deploy,,
,,,Extrusion M/C (GF),Extrusion M/C (GF),Lux Level-ELC,N/A,EMCGF,N/A,HVM-ELC-0467,Process Area,,,,Havmor,Ready to Deploy,,
,,,Spiral 1 (GF),Spiral 1 (GF),Lux Level-ELC,N/A,S1GF,N/A,HVM-ELC-0468,Process Area,,,,Havmor,Ready to Deploy,,
,,,Spiral 2 (GF),Spiral 2 (GF),Lux Level-ELC,N/A,S2GF,N/A,HVM-ELC-0469,Process Area,,,,Havmor,Ready to Deploy,,
,,,Candy M/C 3 (FF),Candy M/C 3 (FF),Lux Level-ELC,N/A,CMC3FF,N/A,HVM-ELC-0470,Process Area,,,,Havmor,Ready to Deploy,,
,,,Prod. Line 1 (FF),Prod. Line 1 (FF),Lux Level-ELC,N/A,PL1FF,N/A,HVM-ELC-0471,Process Area,,,,Havmor,Ready to Deploy,,
,,,Prod. Line 2 (FF),Prod. Line 2 (FF),Lux Level-ELC,N/A,PL2FF,N/A,HVM-ELC-0472,Process Area,,,,Havmor,Ready to Deploy,,
,,,Prod. Line 3 (FF),Prod. Line 3 (FF),Lux Level-ELC,N/A,PL3FF,N/A,HVM-ELC-0473,Process Area,,,,Havmor,Ready to Deploy,,
,,,Prod. Line 4 (FF),Prod. Line 4 (FF),Lux Level-ELC,N/A,PL4FF,N/A,HVM-ELC-0474,Process Area,,,,Havmor,Ready to Deploy,,
,,,Prod. Line 5 (FF),Prod. Line 5 (FF),Lux Level-ELC,N/A,PL5FF,N/A,HVM-ELC-0475,Process Area,,,,Havmor,Ready to Deploy,,
,,,Prod. Line 6 (FF),Prod. Line 6 (FF),Lux Level-ELC,N/A,PL6FF,N/A,HVM-ELC-0476,Process Area,,,,Havmor,Ready to Deploy,,
,,,Prod. Line 7 (FF),Prod. Line 7 (FF),Lux Level-ELC,N/A,PL7FF,N/A,HVM-ELC-0477,Process Area,,,,Havmor,Ready to Deploy,,
,,,China cone M/C (FF),China cone M/C (FF),Lux Level-ELC,N/A,CCMCFF,N/A,HVM-ELC-0478,Process Area,,,,Havmor,Ready to Deploy,,
,,,CF 1,CF 1,Lux Level-ELC,N/A,CF1,N/A,HVM-ELC-0479,Novelty Area,,,,Havmor,Ready to Deploy,,
,,,CF 2,CF 2,Lux Level-ELC,N/A,CF2,N/A,HVM-ELC-0480,Novelty Area,,,,Havmor,Ready to Deploy,,
,,,Batch Pesturizer Tank,Batch Pesturizer Tank,Lux Level-ELC,N/A,BPT1,N/A,HVM-ELC-0481,Mix Area,,,,Havmor,Ready to Deploy,,
,,,Heating Cattle,Heating Cattle,Lux Level-ELC,N/A,HC1,N/A,HVM-ELC-0482,Mix Area,,,,Havmor,Ready to Deploy,,
,,,Old CIP Section,Old CIP Section,Lux Level-ELC,N/A,OCIPS,N/A,HVM-ELC-0483,Mix Area,,,,Havmor,Ready to Deploy,,
,,,Old Ball Mill Plant,Old Ball Mill Plant,Lux Level-ELC,N/A,OBMP,N/A,HVM-ELC-0484,Chocolate Plant,,,,Havmor,Ready to Deploy,,
,,,Inside Choco. Plant Gate,Inside Choco. Plant Gate,Lux Level-ELC,N/A,ICPG,N/A,HVM-ELC-0485,Chocolate Plant,,,,Havmor,Ready to Deploy,,
,,,Dry Fruit Sorting Table-1,Dry Fruit Sorting Table-1,Lux Level-ELC,N/A,DFST1,N/A,HVM-ELC-0486,Inspection Area,,,,Havmor,Ready to Deploy,,
,,,Dry Fruit Sorting Table-2,Dry Fruit Sorting Table-2,Lux Level-ELC,N/A,DFST2,N/A,HVM-ELC-0487,Inspection Area,,,,Havmor,Ready to Deploy,,
,,,Dry Fruit Sorting Table-3,Dry Fruit Sorting Table-3,Lux Level-ELC,N/A,DFST3,N/A,HVM-ELC-0488,Inspection Area,,,,Havmor,Ready to Deploy,,
,,,Dry Fruit Sorting Table-4,Dry Fruit Sorting Table-4,Lux Level-ELC,N/A,DFST4,N/A,HVM-ELC-0489,Inspection Area,,,,Havmor,Ready to Deploy,,
,,,Dry Fruit Sorting Table-5,Dry Fruit Sorting Table-5,Lux Level-ELC,N/A,DFST5,N/A,HVM-ELC-0490,Inspection Area,,,,Havmor,Ready to Deploy,,
,,,Dry Fruit Sorting Table-6,Dry Fruit Sorting Table-6,Lux Level-ELC,N/A,DFST6,N/A,HVM-ELC-0491,Inspection Area,,,,Havmor,Ready to Deploy,,
,,,Chocolate Room,Chocolate Room,Lux Level-ELC,N/A,CR,N/A,HVM-ELC-0492,Inspection Area,,,,Havmor,Ready to Deploy,,
,,,Wash Area (Novelty),Wash Area (Novelty),Lux Level-ELC,N/A,WAN,N/A,HVM-ELC-0493,Inspection Area,,,,Havmor,Ready to Deploy,,
,,,Lid Printing,Lid Printing,Lux Level-ELC,N/A,LIDP,N/A,HVM-ELC-0494,Inspection Area,,,,Havmor,Ready to Deploy,,
,,,QA Lab,QA Lab,Lux Level-ELC,N/A,QAL,N/A,HVM-ELC-0495,Inspection Area,,,,Havmor,Ready to Deploy,,
,,,QC Lab,QC Lab,Lux Level-ELC,N/A,QCL,N/A,HVM-ELC-0496,Inspection Area,,,,Havmor,Ready to Deploy,,
,,,RM Passage Area,RM Passage Area,Lux Level-ELC,N/A,RMPA,N/A,HVM-ELC-0497,General Area,,,,Havmor,Ready to Deploy,,
,,,Passage Area (GF),Passage Area (GF),Lux Level-ELC,N/A,PAGF,N/A,HVM-ELC-0498,General Area,,,,Havmor,Ready to Deploy,,
,,,Passage Area (FF),Passage Area (FF),Lux Level-ELC,N/A,PAFF,N/A,HVM-ELC-0499,General Area,,,,Havmor,Ready to Deploy,,
,,,Air Compressor Area,Air Compressor Area,Lux Level-ELC,N/A,ACA,N/A,HVM-ELC-0500,General Area,,,,Havmor,Ready to Deploy,,
,,,Dispatch Dock Area,Dispatch Dock Area,Lux Level-ELC,N/A,DDA,N/A,HVM-ELC-0501,General Area,,,,Havmor,Ready to Deploy,,
,,,PM Passage Area,PM Passage Area,Lux Level-ELC,N/A,PMPA,N/A,HVM-ELC-0502,General Area,,,,Havmor,Ready to Deploy,,
,,,Transformer 1,Transformer 1,Lux Level-ELC,N/A,TF1,N/A,HVM-ELC-0503,Transformer Area,,,,Havmor,Ready to Deploy,,
,,,Transformer 2,Transformer 2,Lux Level-ELC,N/A,TF2,N/A,HVM-ELC-0504,Transformer Area,,,,Havmor,Ready to Deploy,,
,,,Panel AC of Outdoor Panel 1,Panel AC of Outdoor Panel 1,Lux Level-ELC,N/A,PACOP1,N/A,HVM-ELC-0505,Transformer Area,,,,Havmor,Ready to Deploy,,
,,,Panel AC of Outdoor Panel 2,Panel AC of Outdoor Panel 2,Lux Level-ELC,N/A,PACOP2,N/A,HVM-ELC-1258,Transformer Area,,,,Havmor,Ready to Deploy,,
,,,PTRMPGF1 - Access Door,Prod. to R.M Passage (G.F) 1 - Access Door,Access Door-ELC,N/A,ACCD1,N/A,HVM-ELC-0506,Prod. to RM Passage (GF),,,,Havmor,Ready to Deploy,,
,,,PTRMPGF2 - Access Door,Prod. to R.M Passage (G.F) 2 - Access Door,Access Door-ELC,N/A,ACCD2,N/A,HVM-ELC-0507,Prod. to RM Passage (GF),,,,Havmor,Ready to Deploy,,
,,,RTFFP - Access Door,Reception to F.F Passage - Access Door,Access Door-ELC,N/A,ACCD3,N/A,HVM-ELC-0508,Reception to FF Passage,,,,Havmor,Ready to Deploy,,
,,,GWTP (GF) - Access Door,Gents Wash to Prod. (G.F) - Access Door,Access Door-ELC,N/A,ACCD4,N/A,HVM-ELC-0509,Gents Wash to Prod. (GF),,,,Havmor,Ready to Deploy,,
,,,LWTP (GF) - Access Door,Ladies Wash to Prod. (G.F) - Access Door,Access Door-ELC,N/A,ACCD5,N/A,HVM-ELC-0510,Ladies Wash to Prod. (GF),,,,Havmor,Ready to Deploy,,
,,,PTPA (GF) - Access Door,Prod. to Passage Area (G.F) - Access Door,Access Door-ELC,N/A,ACCD6,N/A,HVM-ELC-0511,Prod. to Passage Area (GF),,,,Havmor,Ready to Deploy,,
,,,HROA (GF) - Access Door,H.R. Office Area (G.F) - Access Door,Access Door-ELC,N/A,ACCD7,N/A,HVM-ELC-0512,H.R. Office Area (GF),,,,Havmor,Ready to Deploy,,
,,,PTPGW (FF) - Access Door,Passage to Prod. Gents Wash (F.F) - Access Door,Access Door-ELC,N/A,ACCD8,N/A,HVM-ELC-0513,Passage to Prod. Gents Wash (FF),,,,Havmor,Ready to Deploy,,
,,,PTPLW (FF) - Access Door,Passage to Prod. Ladies Wash (F.F) - Access Door,Access Door-ELC,N/A,ACCD9,N/A,HVM-ELC-0514,Passage to Prod. Ladies Wash (FF),,,,Havmor,Ready to Deploy,,
,,,PTPA (FF) - Access Door,Prod. to Passage Area (F.F) - Access Door,Access Door-ELC,N/A,ACCD10,N/A,HVM-ELC-0515,Prod. to Passage Area (FF),,,,Havmor,Ready to Deploy,,
,,,PTRMSE (FF) - Access Door,Passage to R M Store Entry (F.F) - Access Door,Access Door-ELC,N/A,ACCD11,N/A,HVM-ELC-0516,Passage to RM Store Entry(FF),,,,Havmor,Ready to Deploy,,
,,,PTP - Access Door,Purchase to Passage - Access Door,Access Door-ELC,N/A,ACCD12,N/A,HVM-ELC-0517,Purchase to Passage,,,,Havmor,Ready to Deploy,,
,,,POE - Access Door,Purchase Office Entry - Access Door,Access Door-ELC,N/A,ACCD13,N/A,HVM-ELC-0518,Purchase Office Entry,,,,Havmor,Ready to Deploy,,
,,,NMED - Access Door,Novelty Main Entry Door. - Access Door,Access Door-ELC,N/A,ACCD14,N/A,HVM-ELC-0519,Novelty Main Entry Door.,,,,Havmor,Ready to Deploy,,
,,,PMSMG - Access Door,P.M. Store Main Gate - Access Door,Access Door-ELC,N/A,ACCD15,N/A,HVM-ELC-0520,PM Store Main Gate,,,,Havmor,Ready to Deploy,,
,,,CPTPRDG - Access Door,Choco. Plant To Prd. Gate - Access Door,Access Door-ELC,N/A,ACCD16,N/A,HVM-ELC-0521,Choco. Plant to Prd. Gate,,,,Havmor,Ready to Deploy,,
,,,OES - Access Door,Opp. Engg. Store - Access Door,Access Door-ELC,N/A,ACCD17,N/A,HVM-ELC-0522,Opp. Engg. Store,,,,Havmor,Ready to Deploy,,
,,,GF PNSC- Access Door,GF Passage (Near Sugar Con.) - Access Door,Access Door-ELC,N/A,ACCD18,N/A,HVM-ELC-0523,GF Passage (Near Sugar Con.),,,,Havmor,Ready to Deploy,,
,,,Air Dryer - 1,Air Dryer - 1,Air Dryer-Air Comp.,N/A,AirD1,N/A,HVM-ELC-0524,Air Compressor Area,,,,Havmor,Ready to Deploy,,
,,,Air Dryer - 2,Air Dryer - 2,Air Dryer-Air Comp.,N/A,AirD2,N/A,HVM-ELC-0525,Air Compressor Area,,,,Havmor,Ready to Deploy,,
,,,Air Dryer - 3,Air Dryer - 3,Air Dryer-Air Comp.,N/A,AirD3,N/A,HVM-ELC-0526,Air Compressor Area,,,,Havmor,Ready to Deploy,,
,,,Air Dryer - 4,Air Dryer - 4,Air Dryer-Air Comp.,N/A,AirD4,N/A,HVM-ELC-0527,Air Compressor Area,,,,Havmor,Ready to Deploy,,
,,,Air Dryer - 5,Air Dryer - 5,Air Dryer-Air Comp.,N/A,AirD5,N/A,HVM-ELC-0528,Air Compressor Area,,,,Havmor,Ready to Deploy,,
,,,Air Dryer - 6,Air Dryer - 6,Air Dryer-Air Comp.,N/A,AirD6,N/A,HVM-ELC-0529,Air Compressor Area,,,,Havmor,Ready to Deploy,,
,,,Air Dryer - 7,Air Dryer - 7,Air Dryer-Air Comp.,N/A,AirD7,N/A,HVM-ELC-0530,Air Compressor Area,,,,Havmor,Ready to Deploy,,
,,,Air Dryer - 8,Air Dryer - 8,Air Dryer-Air Comp.,N/A,AirD8,N/A,HVM-ELC-0531,Air Compressor Area,,,,Havmor,Ready to Deploy,,
,,,Air Comp.-1,Air Compressor-1,Air Compressor,N/A,AC1,N/A,HVM-ELC-0532,Air Compressor Area,,,,Havmor,Ready to Deploy,,
,,,Air Comp.-2,Air Compressor-2,Air Compressor,N/A,AC2,N/A,HVM-ELC-0533,Air Compressor Area,,,,Havmor,Ready to Deploy,,
,,,Air Comp.-3,Air Compressor-3,Air Compressor,N/A,AC3,N/A,HVM-ELC-0534,Air Compressor Area,,,,Havmor,Ready to Deploy,,
,,,Air Comp.-4,Air Compressor-4,Air Compressor,N/A,AC4,N/A,HVM-ELC-0535,Air Compressor Area,,,,Havmor,Ready to Deploy,,
,,,Air Comp.-5,Air Compressor-5,Air Compressor,N/A,AC5,N/A,HVM-ELC-0536,Air Compressor Area,,,,Havmor,Ready to Deploy,,
,,,Air Comp.-6,Air Compressor-6,Air Compressor,N/A,AC6,N/A,HVM-ELC-0537,Air Compressor Area,,,,Havmor,Ready to Deploy,,
,,,Air Comp.-7,Air Compressor-7,Air Compressor,N/A,AC7,N/A,HVM-ELC-0538,Air Compressor Area,,,,Havmor,Ready to Deploy,,
,,,Contineous Freezer 10 - 380LPH-SUNDAE,Contineous Freezer 10 - 380LPH-SUNDAE,Air Filter-Air Comp.,N/A,10000028,N/A,HVM-ELC-0539,FF Prod.,,,,Havmor,Ready to Deploy,,
,,,Contineous Freezer 11 - 380LPH-MATKA,Contineous Freezer 11 - 380LPH-MATKA,Air Filter-Air Comp.,N/A,10000029,N/A,HVM-ELC-0540,FF Prod.,,,,Havmor,Ready to Deploy,,
,,,"Contineous Freezer 6, 1200 LPH","Contineous Freezer 6, 1200 LPH",Air Filter-Air Comp.,N/A,10000031,N/A,HVM-ELC-0541,FF Prod.,,,,Havmor,Ready to Deploy,,
,,,"Contineous Freezer 8 (FF), TETRA-BIG CONE","Contineous Freezer 8 (FF), TETRA-BIG CONE",Air Filter-Air Comp.,N/A,10000360,N/A,HVM-ELC-0542,FF Prod.,,,,Havmor,Ready to Deploy,,
,,,"Contineous Freezer 9, (600 LPH)-HOYER-CANDY-3","Contineous Freezer 9, (600 LPH)-HOYER-CANDY-3",Air Filter-Air Comp.,N/A,10000596,N/A,HVM-ELC-0543,FF Prod.,,,,Havmor,Ready to Deploy,,
,,,Contineous Freezer 1 (FF)-600LPH-BIG CUP,Contineous Freezer 1 (FF)-600LPH-BIG CUP,Air Filter-Air Comp.,N/A,10000597,N/A,HVM-ELC-0544,FF Prod.,,,,Havmor,Ready to Deploy,,
,,,Contineous Freezer 2 (FF)-600-SMALL CUP,Contineous Freezer 2 (FF)-600-SMALL CUP,Air Filter-Air Comp.,N/A,10000598,N/A,HVM-ELC-0545,FF Prod.,,,,Havmor,Ready to Deploy,,
,,,Contineous Freezer 3 (FF)-1200 LPH,Contineous Freezer 3 (FF)-1200 LPH,Air Filter-Air Comp.,N/A,10000599,N/A,HVM-ELC-0546,FF Prod.,,,,Havmor,Ready to Deploy,,
,,,Contineous Freezer 7-600LPH-CONE-4,Contineous Freezer 7-600LPH-CONE-4,Air Filter-Air Comp.,N/A,10000642,N/A,HVM-ELC-0547,FF Prod.,,,,Havmor,Ready to Deploy,,
,,,"Contineous Freezer 4 (FF), 1200LPH","Contineous Freezer 4 (FF), 1200LPH",Air Filter-Air Comp.,N/A,10000692,N/A,HVM-ELC-0548,FF Prod.,,,,Havmor,Ready to Deploy,,
,,,"Contineous Freezer 5 (FF), 1200LPH","Contineous Freezer 5 (FF), 1200LPH",Air Filter-Air Comp.,N/A,10000693,N/A,HVM-ELC-0549,FF Prod.,,,,Havmor,Ready to Deploy,,
,,,Contineous Freezer 7 (600 LPH)-BIG CUP,Contineous Freezer 7 (600 LPH)-BIG CUP,Air Filter-Air Comp.,N/A,10000020,N/A,HVM-ELC-0550,GF Prod.,,,,Havmor,Ready to Deploy,,
,,,"Contineous Freezer 1, (600 LPH)-CONE","Contineous Freezer 1, (600 LPH)-CONE",Air Filter-Air Comp.,N/A,10000022,N/A,HVM-ELC-0551,GF Prod.,,,,Havmor,Ready to Deploy,,
,,,"Contineous Freezer 2, (600 LPH)-CONE","Contineous Freezer 2, (600 LPH)-CONE",Air Filter-Air Comp.,N/A,10000023,N/A,HVM-ELC-0552,GF Prod.,,,,Havmor,Ready to Deploy,,
,,,Contineous Freezer 5 (1200 LPH),Contineous Freezer 5 (1200 LPH),Air Filter-Air Comp.,N/A,10000030,N/A,HVM-ELC-0553,GF Prod.,,,,Havmor,Ready to Deploy,,
,,,Contineous Freezer 6 (1200 LPH),Contineous Freezer 6 (1200 LPH),Air Filter-Air Comp.,N/A,10000361,N/A,HVM-ELC-0554,GF Prod.,,,,Havmor,Ready to Deploy,,
,,,"Contineous Freezer 8, (600 LPH)-CONE","Contineous Freezer 8, (600 LPH)-CONE",Air Filter-Air Comp.,N/A,10000362,N/A,HVM-ELC-0555,GF Prod.,,,,Havmor,Ready to Deploy,,
,,,Contineous Freezer 10 (600 LPH) SYN(CANDY-2),Contineous Freezer 10 (600 LPH) SYN(CANDY-2),Air Filter-Air Comp.,N/A,10000407,N/A,HVM-ELC-0556,GF Prod.,,,,Havmor,Ready to Deploy,,
,,,"Contineous Freezer 11, (COOLUPS)","Contineous Freezer 11, (COOLUPS)",Air Filter-Air Comp.,N/A,10000437,N/A,HVM-ELC-0557,GF Prod.,,,,Havmor,Ready to Deploy,,
,,,"Contineous Freezer 12, TETRA PAK 700LPH","Contineous Freezer 12, TETRA PAK 700LPH",Air Filter-Air Comp.,N/A,10000678,N/A,HVM-ELC-0558,GF Prod.,,,,Havmor,Ready to Deploy,,
,,,"Contineous Freezer 3 (FF), 400 LPH-CONE-2","Contineous Freezer 3 (FF), 400 LPH-CONE-2",Air Filter-Air Comp.,N/A,10000696,N/A,HVM-ELC-0559,GF Prod.,,,,Havmor,Ready to Deploy,,
,,,Contineous Freezer 4 (1200 LPH)-TETRA,Contineous Freezer 4 (1200 LPH)-TETRA,Air Filter-Air Comp.,N/A,10000429,N/A,HVM-ELC-0560,GF Prod.,,,,Havmor,Ready to Deploy,,
,,,Contineous Freezer 9 (600 LPH) SYN(CANDY-1),Contineous Freezer 9 (600 LPH) SYN(CANDY-1),Air Filter-Air Comp.,N/A,10000508,N/A,HVM-ELC-0561,GF Prod.,,,,Havmor,Ready to Deploy,,
,,,Contineous Freezer 1 -280LPH,Contineous Freezer 1 -280LPH,Air Filter-Air Comp.,N/A,10000025,N/A,HVM-ELC-0562,Novelty,,,,Havmor,Ready to Deploy,,
,,,Contineous Freezer 2 -280LPH-GELMARK,Contineous Freezer 2 -280LPH-GELMARK,Air Filter-Air Comp.,N/A,10000026,N/A,HVM-ELC-0563,Novelty,,,,Havmor,Ready to Deploy,,
,,,Cone Machine 4 - 6000 C/HR,Cone Machine 4 - 6000 C/HR,Air Filter-Air Comp.,N/A,10000052,N/A,HVM-ELC-0564,FF Prod.,,,,Havmor,Ready to Deploy,,
,,,Cone Machine 5 - 12000 C/HR,Cone Machine 5 - 12000 C/HR,Air Filter-Air Comp.,N/A,10000743,N/A,HVM-ELC-0565,FF Prod.,,,,Havmor,Ready to Deploy,,
,,,Cone Machine 1 - 6000 C/HR,Cone Machine 1 - 6000 C/HR,Air Filter-Air Comp.,N/A,10000421,N/A,HVM-ELC-0566,GF Prod.,,,,Havmor,Ready to Deploy,,
,,,Cone Machine 2 - 6000 C/HR,Cone Machine 2 - 6000 C/HR,Air Filter-Air Comp.,N/A,10000525,N/A,HVM-ELC-0567,GF Prod.,,,,Havmor,Ready to Deploy,,
,,,Cone Machine 3 - 6000 C/HR,Cone Machine 3 - 6000 C/HR,Air Filter-Air Comp.,N/A,10000600,N/A,HVM-ELC-0568,GF Prod.,,,,Havmor,Ready to Deploy,,
,,,Ball Mill 1 Chocolate Mfg.,Ball Mill 1 Chocolate Mfg.,Ball Mill-Choc. Plant,N/A,BM1CMFG,N/A,HVM-ELC-0569,FF-Chocolate Plant,,,,Havmor,Ready to Deploy,,
,,,Ball Mill 2 Italy,Ball Mill 2 Italy,Ball Mill-Choc. Plant,N/A,BM2I,N/A,HVM-ELC-0570,FF-Chocolate Plant,,,,Havmor,Ready to Deploy,,
,,,Freezer 1,Freezer 1,Freezer-FF Prod.,N/A,FFF1,N/A,HVM-ELC-0571,FF Prod.-Contineous Freezer,,,,Havmor,Ready to Deploy,,
,,,Freezer 2,Freezer 2,Freezer-FF Prod.,N/A,FFF2,N/A,HVM-ELC-0572,FF Prod.-Contineous Freezer,,,,Havmor,Ready to Deploy,,
,,,Freezer 3,Freezer 3,Freezer-FF Prod.,N/A,FFF3,N/A,HVM-ELC-0573,FF Prod.-Contineous Freezer,,,,Havmor,Ready to Deploy,,
,,,Freezer 4,Freezer 4,Freezer-FF Prod.,N/A,FFF4,N/A,HVM-ELC-0574,FF Prod.-Contineous Freezer,,,,Havmor,Ready to Deploy,,
,,,Freezer 5,Freezer 5,Freezer-FF Prod.,N/A,FFF5,N/A,HVM-ELC-0575,FF Prod.-Contineous Freezer,,,,Havmor,Ready to Deploy,,
,,,Freezer 6,Freezer 6,Freezer-FF Prod.,N/A,FFF6,N/A,HVM-ELC-0576,FF Prod.-Contineous Freezer,,,,Havmor,Ready to Deploy,,
,,,Freezer 7,Freezer 7,Freezer-FF Prod.,N/A,FFF7,N/A,HVM-ELC-0577,FF Prod.-Contineous Freezer,,,,Havmor,Ready to Deploy,,
,,,Freezer 8,Freezer 8,Freezer-FF Prod.,N/A,FFF8,N/A,HVM-ELC-0578,FF Prod.-Contineous Freezer,,,,Havmor,Ready to Deploy,,
,,,Freezer 9,Freezer 9,Freezer-FF Prod.,N/A,FFF9,N/A,HVM-ELC-0579,FF Prod.-Contineous Freezer,,,,Havmor,Ready to Deploy,,
,,,Freezer 10,Freezer 10,Freezer-FF Prod.,N/A,FFF10,N/A,HVM-ELC-0580,FF Prod.-Contineous Freezer,,,,Havmor,Ready to Deploy,,
,,,Freezer 11 World Cone,Freezer 11 World Cone,Freezer-FF Prod.,N/A,FFF11,N/A,HVM-ELC-0581,FF Prod.-Contineous Freezer,,,,Havmor,Ready to Deploy,,
,,,FF-1 (CF-10 Sunday),Fruit Feeder-1 (CF-10 Sunday),Fruit Feeder-FF Prod.,N/A,FFFF1,N/A,HVM-ELC-0582,FF Prod.-Fruit Feeder,,,,Havmor,Ready to Deploy,,
,,,FF-2 (CF-7 Cone M/C -4),Fruit Feeder-2 (CF-7 Cone M/C -4),Fruit Feeder-FF Prod.,N/A,FFFF2,N/A,HVM-ELC-0583,FF Prod.-Fruit Feeder,,,,Havmor,Ready to Deploy,,
,,,"FF-3 (CF-6, Jumbo Cup)","Fruit Feeder-3 (CF-6, Jumbo Cup)",Fruit Feeder-FF Prod.,N/A,FFFF3,N/A,HVM-ELC-0584,FF Prod.-Fruit Feeder,,,,Havmor,Ready to Deploy,,
,,,FF-4 (CF-3),Fruit Feeder-4 (CF-3),Fruit Feeder-FF Prod.,N/A,FFFF4,N/A,HVM-ELC-0585,FF Prod.-Fruit Feeder,,,,Havmor,Ready to Deploy,,
,,,FF-5 (CF-5),Fruit Feeder-5 (CF-5),Fruit Feeder-FF Prod.,N/A,FFFF5,N/A,HVM-ELC-0586,FF Prod.-Fruit Feeder,,,,Havmor,Ready to Deploy,,
,,,FF-6 (CF-4),Fruit Feeder-6 (CF-4),Fruit Feeder-FF Prod.,N/A,FFFF6CF4,N/A,HVM-ELC-0587,FF Prod.-Fruit Feeder,,,,Havmor,Ready to Deploy,,
,,,"FF-6 (CF-11, Matka )","Fruit Feeder-6 (CF-11, Matka )",Fruit Feeder-FF Prod.,N/A,FFFF6CF11,N/A,HVM-ELC-0588,FF Prod.-Fruit Feeder,,,,Havmor,Ready to Deploy,,
,,,FF-World Cone,Fruit Feeder-World Cone,Fruit Feeder-FF Prod.,N/A,FFFFWC,N/A,HVM-ELC-0589,FF Prod.-Fruit Feeder,,,,Havmor,Ready to Deploy,,
,,,C M/C-4 6000,Cone M/C-4 6000,Cone Machine-FF Prod.,N/A,FFCM4,N/A,HVM-ELC-0590,FF Prod.-Cone Machine,,,,Havmor,Ready to Deploy,,
,,,C M/C-5 China,Cone M/C-5 China,Cone Machine-FF Prod.,N/A,FFCM5,N/A,HVM-ELC-0591,FF Prod.-Cone Machine,,,,Havmor,Ready to Deploy,,
,,,C M/C-6 Matka Filling,Cone M/C-6 Matka Filling,Cone Machine-FF Prod.,N/A,FFCM6,N/A,HVM-ELC-0592,FF Prod.-Cone Machine,,,,Havmor,Ready to Deploy,,
,,,C M/C-World Cone,Cone M/C-World Cone,Cone Machine-FF Prod.,N/A,FFCMWC,N/A,HVM-ELC-0593,FF Prod.-Cone Machine,,,,Havmor,Ready to Deploy,,
,,,C M/C-3 (Big),Cup M/C-3 (Big),Cup Machine-FF Prod.,N/A,FFCM3,N/A,HVM-ELC-0594,FF Prod.-Cup Machine,,,,Havmor,Ready to Deploy,,
,,,C M/C-4 (Small),Cup M/C-4 (Small),Cup Machine-FF Prod.,N/A,FFCM4S,N/A,HVM-ELC-0595,FF Prod.-Cup Machine,,,,Havmor,Ready to Deploy,,
,,,C M/C-5 (Jumbo),Cup M/C-5 (Jumbo),Cup Machine-FF Prod.,N/A,FFCM5J,N/A,HVM-ELC-0596,FF Prod.-Cup Machine,,,,Havmor,Ready to Deploy,,
,,,C M/C-6 (New Sunday M/C),Cup M/C-6 (New Sunday M/C),Cup Machine-FF Prod.,N/A,FFCM6NSMC,N/A,HVM-ELC-0597,FF Prod.-Cup Machine,,,,Havmor,Ready to Deploy,,
,,,AC M/C-3,Automatic Candy M/C-3,Candy Machine-FF Prod.,N/A,FFACMC3,N/A,HVM-ELC-0598,FF Prod.-Automatic Candy Machine,,,,Havmor,Ready to Deploy,,
,,,Metal Detector-1 (Production),Metal Detector-1 (Production),Metal Detector & Conveyer-FF Prod.,N/A,FFMD1,N/A,HVM-ELC-0599,FF Prod.-Metal Detector,,,,Havmor,Ready to Deploy,,
,,,Metal Detector-2 (Production),Metal Detector-2 (Production),Metal Detector & Conveyer-FF Prod.,N/A,FFMD2,N/A,HVM-ELC-0600,FF Prod.-Metal Detector,,,,Havmor,Ready to Deploy,,
,,,Metal Detector-2 (RM),Metal Detector-2 (RM),Metal Detector & Conveyer-FF Prod.,N/A,FFMD2_RM,N/A,HVM-ELC-0601,FF Prod.-Metal Detector,,,,Havmor,Ready to Deploy,,
,,,Metal Detector-3 (RM-Dryfruit),Metal Detector-3 (RM-Dryfruit),Metal Detector & Conveyer-FF Prod.,N/A,FFMD3_RM-DF,N/A,HVM-ELC-0602,FF Prod.-Metal Detector,,,,Havmor,Ready to Deploy,,
,,,Conveyer-1 (Metal Detector),Conveyer-1 (Metal Detector),Metal Detector & Conveyer-FF Prod.,N/A,FFC1MD,N/A,HVM-ELC-0603,FF Prod.-Conveyer,,,,Havmor,Ready to Deploy,,
,,,Conveyer-2 (Metal Detector),Conveyer-2 (Metal Detector),Metal Detector & Conveyer-FF Prod.,N/A,FFC2MD,N/A,HVM-ELC-0604,FF Prod.-Conveyer,,,,Havmor,Ready to Deploy,,
,,,Conveyer-3 (Anty Room),Conveyer-3 (Anty Room),Metal Detector & Conveyer-FF Prod.,N/A,FFC3AR,N/A,HVM-ELC-0605,FF Prod.-Conveyer,,,,Havmor,Ready to Deploy,,
,,,Conveyer-4 (Anty Room),Conveyer-4 (Anty Room),Metal Detector & Conveyer-FF Prod.,N/A,FFC4AR,N/A,HVM-ELC-0606,FF Prod.-Conveyer,,,,Havmor,Ready to Deploy,,
,,,FF-Matka M/C-7,FF-Matka M/C-7,Matka Machine-FF Prod.,N/A,FFMM7,N/A,HVM-ELC-1259,FF Prod.-Cup Machine,,,,Havmor,Ready to Deploy,,
,,,PM Lift 1,PM Lift 1,Lift-FF Prod.,N/A,PML1,N/A,HVM-ELC-0607,FF Prod.,,,,Havmor,Ready to Deploy,,
,,,RM Lift,RM Lift,Lift-FF Prod.,N/A,RML,N/A,HVM-ELC-0608,FF Prod.,,,,Havmor,Ready to Deploy,,
,,,Novelty Lift,Novelty Lift,Lift-FF Prod.,N/A,NL,N/A,HVM-ELC-0609,FF Prod.,,,,Havmor,Ready to Deploy,,
,,,Arm Strong Vertical Conveyer,Arm Strong Vertical Conveyer,Conveyer-FF Prod.,N/A,ASVC1,N/A,HVM-ELC-0610,FF Prod.,,,,Havmor,Ready to Deploy,,
,,,"Batch Pesturizer Tank 3, Cap: 1500Ltr","Batch Pesturizer Tank 3, Cap: 1500Ltr",RM Kitchen-FF Prod.,N/A,BPT3C1500LTR,N/A,HVM-ELC-0611,FF RM Kitchen,,,,Havmor,Ready to Deploy,,
,,,Chocolate Storage Tank 1 (1000L),Chocolate Storage Tank 1 (1000L),RM Kitchen-FF Prod.,N/A,CST11000L,N/A,HVM-ELC-0612,FF RM Kitchen,,,,Havmor,Ready to Deploy,,
,,,Chocolate Storage Tank 2 (1000L),Chocolate Storage Tank 2 (1000L),RM Kitchen-FF Prod.,N/A,CST21000L,N/A,HVM-ELC-0613,FF RM Kitchen,,,,Havmor,Ready to Deploy,,
,,,Chocolate Mfg. Tank 1500Ltr,Chocolate Mfg. Tank 1500Ltr,RM Kitchen-FF Prod.,N/A,CMT1500LTR,N/A,HVM-ELC-0614,FF RM Kitchen,,,,Havmor,Ready to Deploy,,
,,,Chocolate/Sauce Mixing Tank,Chocolate/Sauce Mixing Tank,RM Kitchen-FF Prod.,N/A,CSMT1,N/A,HVM-ELC-0615,FF RM Kitchen,,,,Havmor,Ready to Deploy,,
,,,Chocolate Mix Circulation Pump,Chocolate Mix Circulation Pump,RM Kitchen-FF Prod.,N/A,CMCP1,N/A,HVM-ELC-0616,FF RM Kitchen,,,,Havmor,Ready to Deploy,,
,,,Sterer For Raw Materials 2,Sterer For Raw Materials 2,RM Kitchen-FF Prod.,N/A,SFRM2,N/A,HVM-ELC-0617,FF RM Kitchen,,,,Havmor,Ready to Deploy,,
,,,Cage Hoist-2 - 2Ton - GF Kitchen,Cage Hoist-2 - 2Ton - GF Kitchen,RM Kitchen-FF Prod.,N/A,CH2_2ton_GFK,N/A,HVM-ELC-0618,FF RM Kitchen,,,,Havmor,Ready to Deploy,,
,,,FF-Flavour Tank 1-CIP Valve,FF-Flavour Tank 1-CIP Valve,CIP Valve-FF Prod.,N/A,CIPVFT1FF,N/A,HVM-ELC-0619,FF Prod.,,,,Havmor,Ready to Deploy,,
,,,FF-Flavour Tank 2-CIP Valve,FF-Flavour Tank 2-CIP Valve,CIP Valve-FF Prod.,N/A,CIPVFT2FF,N/A,HVM-ELC-0620,FF Prod.,,,,Havmor,Ready to Deploy,,
,,,FF-Flavour Tank 3-CIP Valve,FF-Flavour Tank 3-CIP Valve,CIP Valve-FF Prod.,N/A,CIPVFT3FF,N/A,HVM-ELC-0621,FF Prod.,,,,Havmor,Ready to Deploy,,
,,,FF-Flavour Tank 4-CIP Valve,FF-Flavour Tank 4-CIP Valve,CIP Valve-FF Prod.,N/A,CIPVFT4FF,N/A,HVM-ELC-0622,FF Prod.,,,,Havmor,Ready to Deploy,,
,,,FF-Flavour Tank 5-CIP Valve,FF-Flavour Tank 5-CIP Valve,CIP Valve-FF Prod.,N/A,CIPVFT5FF,N/A,HVM-ELC-0623,FF Prod.,,,,Havmor,Ready to Deploy,,
,,,FF-Flavour Tank 6-CIP Valve,FF-Flavour Tank 6-CIP Valve,CIP Valve-FF Prod.,N/A,CIPVFT6FF,N/A,HVM-ELC-0624,FF Prod.,,,,Havmor,Ready to Deploy,,
,,,FF-Flavour Tank 7-CIP Valve,FF-Flavour Tank 7-CIP Valve,CIP Valve-FF Prod.,N/A,CIPVFT7FF,N/A,HVM-ELC-0625,FF Prod.,,,,Havmor,Ready to Deploy,,
,,,FF-Flavour Tank 8-CIP Valve,FF-Flavour Tank 8-CIP Valve,CIP Valve-FF Prod.,N/A,CIPVFT8FF,N/A,HVM-ELC-0626,FF Prod.,,,,Havmor,Ready to Deploy,,
,,,FF-Flavour Tank 9-CIP Valve,FF-Flavour Tank 9-CIP Valve,CIP Valve-FF Prod.,N/A,CIPVFT9FF,N/A,HVM-ELC-0627,FF Prod.,,,,Havmor,Ready to Deploy,,
,,,FF-Flavour Tank 10-CIP Valve,FF-Flavour Tank 10-CIP Valve,CIP Valve-FF Prod.,N/A,CIPVFT10FF,N/A,HVM-ELC-0628,FF Prod.,,,,Havmor,Ready to Deploy,,
,,,FF-Flavour Tank 11-CIP Valve,FF-Flavour Tank 11-CIP Valve,CIP Valve-FF Prod.,N/A,CIPVFT11FF,N/A,HVM-ELC-0629,FF Prod.,,,,Havmor,Ready to Deploy,,
,,,FF-Flavour Tank 12-CIP Valve,FF-Flavour Tank 12-CIP Valve,CIP Valve-FF Prod.,N/A,CIPVFT12FF,N/A,HVM-ELC-0630,FF Prod.,,,,Havmor,Ready to Deploy,,
,,,FF-Flavour Tank 13-CIP Valve,FF-Flavour Tank 13-CIP Valve,CIP Valve-FF Prod.,N/A,CIPVFT13FF,N/A,HVM-ELC-0631,FF Prod.,,,,Havmor,Ready to Deploy,,
,,,FF-Flavour Tank 14-CIP Valve,FF-Flavour Tank 14-CIP Valve,CIP Valve-FF Prod.,N/A,CIPVFT14FF,N/A,HVM-ELC-0632,FF Prod.,,,,Havmor,Ready to Deploy,,
,,,FF-Flavour Tank 15-CIP Valve,FF-Flavour Tank 15-CIP Valve,CIP Valve-FF Prod.,N/A,CIPVFT15FF,N/A,HVM-ELC-0633,FF Prod.,,,,Havmor,Ready to Deploy,,
,,,FF-Flavour Tank 16-CIP Valve,FF-Flavour Tank 16-CIP Valve,CIP Valve-FF Prod.,N/A,CIPVFT16FF,N/A,HVM-ELC-0634,FF Prod.,,,,Havmor,Ready to Deploy,,
,,,FF-Flavour Tank 17-CIP Valve,FF-Flavour Tank 17-CIP Valve,CIP Valve-FF Prod.,N/A,CIPVFT17FF,N/A,HVM-ELC-0635,FF Prod.,,,,Havmor,Ready to Deploy,,
,,,FF-Flavour Tank 18-CIP Valve,FF-Flavour Tank 18-CIP Valve,CIP Valve-FF Prod.,N/A,CIPVFT18FF,N/A,HVM-ELC-0636,FF Prod.,,,,Havmor,Ready to Deploy,,
,,,FF-Flavour Tank 19-CIP Valve,FF-Flavour Tank 19-CIP Valve,CIP Valve-FF Prod.,N/A,CIPVFT19FF,N/A,HVM-ELC-0637,FF Prod.,,,,Havmor,Ready to Deploy,,
,,,FF-Flavour Tank 20-CIP Valve,FF-Flavour Tank 20-CIP Valve,CIP Valve-FF Prod.,N/A,CIPVFT20FF,N/A,HVM-ELC-0638,FF Prod.,,,,Havmor,Ready to Deploy,,
,,,FF-Flavour Tank 21-CIP Valve,FF-Flavour Tank 21-CIP Valve,CIP Valve-FF Prod.,N/A,CIPVFT21FF,N/A,HVM-ELC-0639,FF Prod.,,,,Havmor,Ready to Deploy,,
,,,FF-Flavour Tank 22-CIP Valve,FF-Flavour Tank 22-CIP Valve,CIP Valve-FF Prod.,N/A,CIPVFT22FF,N/A,HVM-ELC-0640,FF Prod.,,,,Havmor,Ready to Deploy,,
,,,FF-Flavour Tank 23-CIP Valve,FF-Flavour Tank 23-CIP Valve,CIP Valve-FF Prod.,N/A,CIPVFT23FF,N/A,HVM-ELC-0641,FF Prod.,,,,Havmor,Ready to Deploy,,
,,,FF-Aging Vat-1-CIP Valve,FF-Aging Vat-1-CIP Valve,CIP Valve-FF Prod.,N/A,CIPVAV1FF,N/A,HVM-ELC-0642,FF Prod.,,,,Havmor,Ready to Deploy,,
,,,FF-Aging Vat-2-CIP Valve,FF-Aging Vat-2-CIP Valve,CIP Valve-FF Prod.,N/A,CIPVAV2FF,N/A,HVM-ELC-0643,FF Prod.,,,,Havmor,Ready to Deploy,,
,,,FF-Aging Vat-3-CIP Valve,FF-Aging Vat-3-CIP Valve,CIP Valve-FF Prod.,N/A,CIPVAV3FF,N/A,HVM-ELC-0644,FF Prod.,,,,Havmor,Ready to Deploy,,
,,,FF-Aging Vat-4-CIP Valve,FF-Aging Vat-4-CIP Valve,CIP Valve-FF Prod.,N/A,CIPVAV4FF,N/A,HVM-ELC-0645,FF Prod.,,,,Havmor,Ready to Deploy,,
,,,FF-Aging Vat-5-CIP Valve,FF-Aging Vat-5-CIP Valve,CIP Valve-FF Prod.,N/A,CIPVAV5FF,N/A,HVM-ELC-0646,FF Prod.,,,,Havmor,Ready to Deploy,,
,,,FF-Aging Vat-6-CIP Valve,FF-Aging Vat-6-CIP Valve,CIP Valve-FF Prod.,N/A,CIPVAV6FF,N/A,HVM-ELC-0647,FF Prod.,,,,Havmor,Ready to Deploy,,
,,,FF-Aging Vat-7-CIP Valve,FF-Aging Vat-7-CIP Valve,CIP Valve-FF Prod.,N/A,CIPVAV7FF,N/A,HVM-ELC-0648,FF Prod.,,,,Havmor,Ready to Deploy,,
,,,FF-Aging Vat-8-CIP Valve,FF-Aging Vat-8-CIP Valve,CIP Valve-FF Prod.,N/A,CIPVAV8FF,N/A,HVM-ELC-0649,FF Prod.,,,,Havmor,Ready to Deploy,,
,,,FF-Aging Vat-9-CIP Valve,FF-Aging Vat-9-CIP Valve,CIP Valve-FF Prod.,N/A,CIPVAV9FF,N/A,HVM-ELC-0650,FF Prod.,,,,Havmor,Ready to Deploy,,
,,,FF-Aging Vat-10-CIP Valve,FF-Aging Vat-10-CIP Valve,CIP Valve-FF Prod.,N/A,CIPVAV10FF,N/A,HVM-ELC-0651,FF Prod.,,,,Havmor,Ready to Deploy,,
,,,FF-Aging Vat-11-CIP Valve,FF-Aging Vat-11-CIP Valve,CIP Valve-FF Prod.,N/A,CIPVAV11FF,N/A,HVM-ELC-0652,FF Prod.,,,,Havmor,Ready to Deploy,,
,,,FF-Aging Vat-12-CIP Valve,FF-Aging Vat-12-CIP Valve,CIP Valve-FF Prod.,N/A,CIPVAV12FF,N/A,HVM-ELC-0653,FF Prod.,,,,Havmor,Ready to Deploy,,
,,,FF-Aging Vat-13-CIP Valve,FF-Aging Vat-13-CIP Valve,CIP Valve-FF Prod.,N/A,CIPVAV13FF,N/A,HVM-ELC-0654,FF Prod.,,,,Havmor,Ready to Deploy,,
,,,FF-Aging Vat-14-CIP Valve,FF-Aging Vat-14-CIP Valve,CIP Valve-FF Prod.,N/A,CIPVAV14FF,N/A,HVM-ELC-0655,FF Prod.,,,,Havmor,Ready to Deploy,,
,,,FF-Aging Vat-15-CIP Valve,FF-Aging Vat-15-CIP Valve,CIP Valve-FF Prod.,N/A,CIPVAV15FF,N/A,HVM-ELC-0656,FF Prod.,,,,Havmor,Ready to Deploy,,
,,,FF-Aging Vat-16-CIP Valve,FF-Aging Vat-16-CIP Valve,CIP Valve-FF Prod.,N/A,CIPVAV16FF,N/A,HVM-ELC-0657,FF Prod.,,,,Havmor,Ready to Deploy,,
,,,FF-Aging Vat-17-CIP Valve,FF-Aging Vat-17-CIP Valve,CIP Valve-FF Prod.,N/A,CIPVAV17FF,N/A,HVM-ELC-0658,FF Prod.,,,,Havmor,Ready to Deploy,,
,,,FF-Aging Vat-18-CIP Valve,FF-Aging Vat-18-CIP Valve,CIP Valve-FF Prod.,N/A,CIPVAV18FF,N/A,HVM-ELC-0659,FF Prod.,,,,Havmor,Ready to Deploy,,
,,,FF-Aging Vat-19-CIP Valve,FF-Aging Vat-19-CIP Valve,CIP Valve-FF Prod.,N/A,CIPVAV19FF,N/A,HVM-ELC-0660,FF Prod.,,,,Havmor,Ready to Deploy,,
,,,FF-Aging Vat-20-CIP Valve,FF-Aging Vat-20-CIP Valve,CIP Valve-FF Prod.,N/A,CIPVAV20FF,N/A,HVM-ELC-0661,FF Prod.,,,,Havmor,Ready to Deploy,,
,,,FF-Aging Vat-21-CIP Valve,FF-Aging Vat-21-CIP Valve,CIP Valve-FF Prod.,N/A,CIPVAV21FF,N/A,HVM-ELC-0662,FF Prod.,,,,Havmor,Ready to Deploy,,
,,,FF-Aging Vat-22-CIP Valve,FF-Aging Vat-22-CIP Valve,CIP Valve-FF Prod.,N/A,CIPVAV22FF,N/A,HVM-ELC-0663,FF Prod.,,,,Havmor,Ready to Deploy,,
,,,GF-Flavour Tank-1-CIP Valve,GF-Flavour Tank-1-CIP Valve,CIP Valve-FF Prod.,N/A,CIPVFT1GF,N/A,HVM-ELC-0664,GF Prod.,,,,Havmor,Ready to Deploy,,
,,,GF-Flavour Tank-2-CIP Valve,GF-Flavour Tank-2-CIP Valve,CIP Valve-FF Prod.,N/A,CIPVFT2GF,N/A,HVM-ELC-0665,GF Prod.,,,,Havmor,Ready to Deploy,,
,,,GF-Flavour Tank-3-CIP Valve,GF-Flavour Tank-3-CIP Valve,CIP Valve-FF Prod.,N/A,CIPVFT3GF,N/A,HVM-ELC-0666,GF Prod.,,,,Havmor,Ready to Deploy,,
,,,GF-Flavour Tank-4-CIP Valve,GF-Flavour Tank-4-CIP Valve,CIP Valve-FF Prod.,N/A,CIPVFT4GF,N/A,HVM-ELC-0667,GF Prod.,,,,Havmor,Ready to Deploy,,
,,,GF-Flavour Tank-5-CIP Valve,GF-Flavour Tank-5-CIP Valve,CIP Valve-FF Prod.,N/A,CIPVFT5GF,N/A,HVM-ELC-0668,GF Prod.,,,,Havmor,Ready to Deploy,,
,,,GF-Flavour Tank-6-CIP Valve,GF-Flavour Tank-6-CIP Valve,CIP Valve-FF Prod.,N/A,CIPVFT6GF,N/A,HVM-ELC-0669,GF Prod.,,,,Havmor,Ready to Deploy,,
,,,GF-Flavour Tank-7-CIP Valve,GF-Flavour Tank-7-CIP Valve,CIP Valve-FF Prod.,N/A,CIPVFT7GF,N/A,HVM-ELC-0670,GF Prod.,,,,Havmor,Ready to Deploy,,
,,,GF-Flavour Tank-8-CIP Valve,GF-Flavour Tank-8-CIP Valve,CIP Valve-FF Prod.,N/A,CIPVFT8GF,N/A,HVM-ELC-0671,GF Prod.,,,,Havmor,Ready to Deploy,,
,,,GF-Flavour Tank-9-CIP Valve,GF-Flavour Tank-9-CIP Valve,CIP Valve-FF Prod.,N/A,CIPVFT9GF,N/A,HVM-ELC-0672,GF Prod.,,,,Havmor,Ready to Deploy,,
,,,GF-Flavour Tank-10-CIP Valve,GF-Flavour Tank-10-CIP Valve,CIP Valve-FF Prod.,N/A,CIPVFT10GF,N/A,HVM-ELC-0673,GF Prod.,,,,Havmor,Ready to Deploy,,
,,,GF-Flavour Tank-11-CIP Valve,GF-Flavour Tank-11-CIP Valve,CIP Valve-FF Prod.,N/A,CIPVFT11GF,N/A,HVM-ELC-0674,GF Prod.,,,,Havmor,Ready to Deploy,,
,,,GF-Flavour Tank-12-CIP Valve,GF-Flavour Tank-12-CIP Valve,CIP Valve-FF Prod.,N/A,CIPVFT12GF,N/A,HVM-ELC-0675,GF Prod.,,,,Havmor,Ready to Deploy,,
,,,GF-Flavour Tank-13-CIP Valve,GF-Flavour Tank-13-CIP Valve,CIP Valve-FF Prod.,N/A,CIPVFT13GF,N/A,HVM-ELC-0676,GF Prod.,,,,Havmor,Ready to Deploy,,
,,,GF-Flavour Tank-14-CIP Valve,GF-Flavour Tank-14-CIP Valve,CIP Valve-FF Prod.,N/A,CIPVFT14GF,N/A,HVM-ELC-0677,GF Prod.,,,,Havmor,Ready to Deploy,,
,,,GF-Flavour Tank-15-CIP Valve,GF-Flavour Tank-15-CIP Valve,CIP Valve-FF Prod.,N/A,CIPVFT15GF,N/A,HVM-ELC-0678,GF Prod.,,,,Havmor,Ready to Deploy,,
,,,GF-Flavour Tank-16-CIP Valve,GF-Flavour Tank-16-CIP Valve,CIP Valve-FF Prod.,N/A,CIPVFT16GF,N/A,HVM-ELC-0679,GF Prod.,,,,Havmor,Ready to Deploy,,
,,,GF-Flavour Tank-17-CIP Valve,GF-Flavour Tank-17-CIP Valve,CIP Valve-FF Prod.,N/A,CIPVFT17GF,N/A,HVM-ELC-0680,GF Prod.,,,,Havmor,Ready to Deploy,,
,,,GF-Flavour Tank-18-CIP Valve,GF-Flavour Tank-18-CIP Valve,CIP Valve-FF Prod.,N/A,CIPVFT18GF,N/A,HVM-ELC-0681,GF Prod.,,,,Havmor,Ready to Deploy,,
,,,GF-Flavour Tank-19-CIP Valve,GF-Flavour Tank-19-CIP Valve,CIP Valve-FF Prod.,N/A,CIPVFT19GF,N/A,HVM-ELC-0682,GF Prod.,,,,Havmor,Ready to Deploy,,
,,,GF-Flavour Tank-20-CIP Valve,GF-Flavour Tank-20-CIP Valve,CIP Valve-FF Prod.,N/A,CIPVFT20GF,N/A,HVM-ELC-0683,GF Prod.,,,,Havmor,Ready to Deploy,,
,,,GF-Flavour Tank-21-CIP Valve,GF-Flavour Tank-21-CIP Valve,CIP Valve-FF Prod.,N/A,CIPVFT21GF,N/A,HVM-ELC-0684,GF Prod.,,,,Havmor,Ready to Deploy,,
,,,GF-Freezer 1,GF-Freezer 1,Freezer-GF Prod.,N/A,GFCF1,N/A,HVM-ELC-0685,GF Prod.-Contineous Freezer,,,,Havmor,Ready to Deploy,,
,,,GF-Freezer 2,GF-Freezer 2,Freezer-GF Prod.,N/A,GFCF2,N/A,HVM-ELC-0686,GF Prod.-Contineous Freezer,,,,Havmor,Ready to Deploy,,
,,,GF-Freezer 3,GF-Freezer 3,Freezer-GF Prod.,N/A,GFCF3,N/A,HVM-ELC-0687,GF Prod.-Contineous Freezer,,,,Havmor,Ready to Deploy,,
,,,GF-Freezer 4,GF-Freezer 4,Freezer-GF Prod.,N/A,GFCF4,N/A,HVM-ELC-0688,GF Prod.-Contineous Freezer,,,,Havmor,Ready to Deploy,,
,,,GF-Freezer 5,GF-Freezer 5,Freezer-GF Prod.,N/A,GFCF5,N/A,HVM-ELC-0689,GF Prod.-Contineous Freezer,,,,Havmor,Ready to Deploy,,
,,,GF-Freezer 6,GF-Freezer 6,Freezer-GF Prod.,N/A,GFCF6,N/A,HVM-ELC-0690,GF Prod.-Contineous Freezer,,,,Havmor,Ready to Deploy,,
,,,GF-Freezer 7,GF-Freezer 7,Freezer-GF Prod.,N/A,GFCF7,N/A,HVM-ELC-0691,GF Prod.-Contineous Freezer,,,,Havmor,Ready to Deploy,,
,,,GF-Freezer 8,GF-Freezer 8,Freezer-GF Prod.,N/A,GFCF8,N/A,HVM-ELC-0692,GF Prod.-Contineous Freezer,,,,Havmor,Ready to Deploy,,
,,,GF-Freezer 9,GF-Freezer 9,Freezer-GF Prod.,N/A,GFCF9,N/A,HVM-ELC-0693,GF Prod.-Contineous Freezer,,,,Havmor,Ready to Deploy,,
,,,GF-Freezer 10,GF-Freezer 10,Freezer-GF Prod.,N/A,GFCF10,N/A,HVM-ELC-0694,GF Prod.-Contineous Freezer,,,,Havmor,Ready to Deploy,,
,,,GF-Freezer 11,GF-Freezer 11,Freezer-GF Prod.,N/A,GFCF11,N/A,HVM-ELC-0695,GF Prod.-Contineous Freezer,,,,Havmor,Ready to Deploy,,
,,,GF-Freezer 12,GF-Freezer 12,Freezer-GF Prod.,N/A,GFCF12,N/A,HVM-ELC-0696,GF Prod.-Contineous Freezer,,,,Havmor,Ready to Deploy,,
,,,GF-FF 1 (CF-4),GF-Fruit Feeder 1 (CF-4),Fruit Feeder-GF Prod.,N/A,GFFF1,N/A,HVM-ELC-0697,GF Prod.-Fruit Feeder,,,,Havmor,Ready to Deploy,,
,,,GF-FF 2 (CF-5),GF-Fruit Feeder 2 (CF-5),Fruit Feeder-GF Prod.,N/A,GFFF2,N/A,HVM-ELC-0698,GF Prod.-Fruit Feeder,,,,Havmor,Ready to Deploy,,
,,,GF-FF 3 (CF-6),GF-Fruit Feeder 3 (CF-6),Fruit Feeder-GF Prod.,N/A,GFFF3,N/A,HVM-ELC-0699,GF Prod.-Fruit Feeder,,,,Havmor,Ready to Deploy,,
,,,GF-FF 4 (CF-7),GF-Fruit Feeder 4 (CF-7),Fruit Feeder-GF Prod.,N/A,GFFF4,N/A,HVM-ELC-0700,GF Prod.-Fruit Feeder,,,,Havmor,Ready to Deploy,,
,,,GF-FF 5 (CF-12),GF-Fruit Feeder 5 (CF-12),Fruit Feeder-GF Prod.,N/A,GFFF5,N/A,HVM-ELC-0701,GF Prod.-Fruit Feeder,,,,Havmor,Ready to Deploy,,
,,,GF-C M/C 1,GF-Cone M/C 1,Cone Machine-GF Prod.,N/A,GFMC1,N/A,HVM-ELC-0702,GF Prod.-Cone Machine,,,,Havmor,Ready to Deploy,,
,,,GF-C M/C 2,GF-Cone M/C 2,Cone Machine-GF Prod.,N/A,GFMC2,N/A,HVM-ELC-0703,GF Prod.-Cone Machine,,,,Havmor,Ready to Deploy,,
,,,GF-C M/C 3,GF-Cone M/C 3,Cone Machine-GF Prod.,N/A,GFMC3,N/A,HVM-ELC-0704,GF Prod.-Cone Machine,,,,Havmor,Ready to Deploy,,
,,,GF-C M/C 1 (Big),GF-Cup M/C 1 (Big),Cup Machine-GF Prod.,N/A,GFMC1B,N/A,HVM-ELC-0705,GF Prod.-Cup Machine,,,,Havmor,Ready to Deploy,,
,,,GF-C M/C 2 (Jumbo),GF-Cup M/C 2 (Jumbo),Cup Machine-GF Prod.,N/A,GFMC2J,N/A,HVM-ELC-0706,GF Prod.-Cup Machine,,,,Havmor,Ready to Deploy,,
,,,GF-AC M/C 1,GF-Automatic Candy M/C 1,Candy Machine-GF Prod.,N/A,GFACM1,N/A,HVM-ELC-0707,GF Prod.-Automatic Candy Machine,,,,Havmor,Ready to Deploy,,
,,,GF-AC M/C 2,GF-Automatic Candy M/C 2,Candy Machine-GF Prod.,N/A,GFACM2,N/A,HVM-ELC-0708,GF Prod.-Automatic Candy Machine,,,,Havmor,Ready to Deploy,,
,,,GF-C 1 (Crate Wash To Prod.),GF-Conveyer 1 (Crate Wash To Prod.),Conveyer-GF Prod.,N/A,GFC1CWTP,N/A,HVM-ELC-0709,GF Prod.-Conveyer,,,,Havmor,Ready to Deploy,,
,,,GF-C 2 (Production),GF-Conveyer 2 (Production),Conveyer-GF Prod.,N/A,GFC2PRD,N/A,HVM-ELC-0710,GF Prod.-Conveyer,,,,Havmor,Ready to Deploy,,
,,,GF-MD 1,GF-Metal Detector 1,Metal Detector-GF Prod.,N/A,GFM1,N/A,HVM-ELC-0711,GF Prod.-Metal Detector,,,,Havmor,Ready to Deploy,,
,,,GF-MD 2,GF-Metal Detector 2,Metal Detector-GF Prod.,N/A,GFM2,N/A,HVM-ELC-0712,GF Prod.-Metal Detector,,,,Havmor,Ready to Deploy,,
,,,GF-MD 3,GF-Metal Detector 3,Metal Detector-GF Prod.,N/A,GFM3,N/A,HVM-ELC-0713,GF Prod.-Metal Detector,,,,Havmor,Ready to Deploy,,
,,,GF-Batch Pesturizer 1,GF-Batch Pesturizer 1,Batch HOM-GF Prod. Mix Area,N/A,BP1,N/A,HVM-ELC-0714,GF Prod.-Mix Area,,,,Havmor,Ready to Deploy,,
,,,GF-Batch Pesturizer 2,GF-Batch Pesturizer 2,Batch HOM-GF Prod. Mix Area,N/A,BP2,N/A,HVM-ELC-0715,GF Prod.-Mix Area,,,,Havmor,Ready to Deploy,,
,,,GF-Batch Pesturizer 3,GF-Batch Pesturizer 3,Batch HOM-GF Prod. Mix Area,N/A,BP3,N/A,HVM-ELC-0716,GF Prod.-Mix Area,,,,Havmor,Ready to Deploy,,
,,,GF-Chocolate Tank,GF-Chocolate Tank,Batch HOM-GF Prod. Mix Area,N/A,CT1GFP,N/A,HVM-ELC-0717,GF Prod.-Mix Area,,,,Havmor,Ready to Deploy,,
,,,GF-Rubdi Tank 1,GF-Rubdi Tank 1,Batch HOM-GF Prod. Mix Area,N/A,RT1,N/A,HVM-ELC-0718,GF Prod.-Mix Area,,,,Havmor,Ready to Deploy,,
,,,GF-Rubdi Tank 2,GF-Rubdi Tank 2,Batch HOM-GF Prod. Mix Area,N/A,RT2,N/A,HVM-ELC-0719,GF Prod.-Mix Area,,,,Havmor,Ready to Deploy,,
,,,GF-Milk Storage Tank 10KL 1,GF-Milk Storage Tank 10KL 1,Batch HOM-GF Prod. Mix Area,N/A,MST10K1,N/A,HVM-ELC-0720,GF Prod.-Mix Area,,,,Havmor,Ready to Deploy,,
,,,GF-Milk Storage Tank 10KL 2,GF-Milk Storage Tank 10KL 2,Batch HOM-GF Prod. Mix Area,N/A,MST10K2,N/A,HVM-ELC-0721,GF Prod.-Mix Area,,,,Havmor,Ready to Deploy,,
,,,GF-Aging Vat 1,GF-Aging Vat 1,Batch HOM-GF Prod. Mix Area,N/A,AV1,N/A,HVM-ELC-0722,GF Prod.-Mix Area,,,,Havmor,Ready to Deploy,,
,,,GF-Aging Vat 2,GF-Aging Vat 2,Batch HOM-GF Prod. Mix Area,N/A,AV2,N/A,HVM-ELC-0723,GF Prod.-Mix Area,,,,Havmor,Ready to Deploy,,
,,,GF-Aging Vat 3,GF-Aging Vat 3,Batch HOM-GF Prod. Mix Area,N/A,AV3,N/A,HVM-ELC-0724,GF Prod.-Mix Area,,,,Havmor,Ready to Deploy,,
,,,GF-Aging Vat 4,GF-Aging Vat 4,Batch HOM-GF Prod. Mix Area,N/A,AV4,N/A,HVM-ELC-0725,GF Prod.-Mix Area,,,,Havmor,Ready to Deploy,,
,,,GF-Aging Vat 5,GF-Aging Vat 5,Batch HOM-GF Prod. Mix Area,N/A,AV5,N/A,HVM-ELC-0726,GF Prod.-Mix Area,,,,Havmor,Ready to Deploy,,
,,,GF-Aging Vat 6,GF-Aging Vat 6,Batch HOM-GF Prod. Mix Area,N/A,AV6,N/A,HVM-ELC-0727,GF Prod.-Mix Area,,,,Havmor,Ready to Deploy,,
,,,GF-Aging Vat 7,GF-Aging Vat 7,Batch HOM-GF Prod. Mix Area,N/A,AV7,N/A,HVM-ELC-0728,GF Prod.-Mix Area,,,,Havmor,Ready to Deploy,,
,,,GF-Aging Vat 8,GF-Aging Vat 8,Batch HOM-GF Prod. Mix Area,N/A,AV8,N/A,HVM-ELC-0729,GF Prod.-Mix Area,,,,Havmor,Ready to Deploy,,
,,,GF-Aging Vat 9,GF-Aging Vat 9,Batch HOM-GF Prod. Mix Area,N/A,AV9,N/A,HVM-ELC-0730,GF Prod.-Mix Area,,,,Havmor,Ready to Deploy,,
,,,GF-Aging Vat 10,GF-Aging Vat 10,Batch HOM-GF Prod. Mix Area,N/A,AV10,N/A,HVM-ELC-0731,GF Prod.-Mix Area,,,,Havmor,Ready to Deploy,,
,,,GF-Aging Vat 11,GF-Aging Vat 11,Batch HOM-GF Prod. Mix Area,N/A,AV11,N/A,HVM-ELC-0732,GF Prod.-Mix Area,,,,Havmor,Ready to Deploy,,
,,,GF-Aging Vat 12,GF-Aging Vat 12,Batch HOM-GF Prod. Mix Area,N/A,AV12,N/A,HVM-ELC-0733,GF Prod.-Mix Area,,,,Havmor,Ready to Deploy,,
,,,GF-Aging Vat 13,GF-Aging Vat 13,Batch HOM-GF Prod. Mix Area,N/A,AV13,N/A,HVM-ELC-0734,GF Prod.-Mix Area,,,,Havmor,Ready to Deploy,,
,,,GF-Aging Vat 14,GF-Aging Vat 14,Batch HOM-GF Prod. Mix Area,N/A,AV14,N/A,HVM-ELC-0735,GF Prod.-Mix Area,,,,Havmor,Ready to Deploy,,
,,,GF-Aging Vat 15,GF-Aging Vat 15,Batch HOM-GF Prod. Mix Area,N/A,AV15,N/A,HVM-ELC-0736,GF Prod.-Mix Area,,,,Havmor,Ready to Deploy,,
,,,GF-Aging Vat 16,GF-Aging Vat 16,Batch HOM-GF Prod. Mix Area,N/A,AV16,N/A,HVM-ELC-0737,GF Prod.-Mix Area,,,,Havmor,Ready to Deploy,,
,,,GF-Aging Vat 17,GF-Aging Vat 17,Batch HOM-GF Prod. Mix Area,N/A,AV17,N/A,HVM-ELC-0738,GF Prod.-Mix Area,,,,Havmor,Ready to Deploy,,
,,,GF-Aging Vat 18,GF-Aging Vat 18,Batch HOM-GF Prod. Mix Area,N/A,AV18,N/A,HVM-ELC-0739,GF Prod.-Mix Area,,,,Havmor,Ready to Deploy,,
,,,GF-Aging Vat 19,GF-Aging Vat 19,Batch HOM-GF Prod. Mix Area,N/A,AV19,N/A,HVM-ELC-0740,GF Prod.-Mix Area,,,,Havmor,Ready to Deploy,,
,,,GF-Homogenizer 1,GF-Homogenizer 1,Batch HOM-GF Prod. Mix Area,N/A,HOM1,N/A,HVM-ELC-0741,GF Prod.-Mix Area,,,,Havmor,Ready to Deploy,,
,,,GF-Homogenizer 2,GF-Homogenizer 2,Batch HOM-GF Prod. Mix Area,N/A,HOM2,N/A,HVM-ELC-0742,GF Prod.-Mix Area,,,,Havmor,Ready to Deploy,,
,,,GF-Batch Pesturizer 4,GF-Batch Pesturizer 4,Batch HOM-GF Prod. Mix Area,N/A,BP4,N/A,HVM-ELC-0743,GF Prod.-Mix Area,,,,Havmor,Ready to Deploy,,
,,,GF-Heating Cattle 1,GF-Heating Cattle 1,Batch HOM-GF Prod. Mix Area,N/A,HT1,N/A,HVM-ELC-0744,GF Prod.-Mix Area,,,,Havmor,Ready to Deploy,,
,,,GF-Heating Cattle 2,GF-Heating Cattle 2,Batch HOM-GF Prod. Mix Area,N/A,HT2,N/A,HVM-ELC-0745,GF Prod.-Mix Area,,,,Havmor,Ready to Deploy,,
,,,GF-Heating Cattle 3,GF-Heating Cattle 3,Batch HOM-GF Prod. Mix Area,N/A,HT3,N/A,HVM-ELC-0746,GF Prod.-Mix Area,,,,Havmor,Ready to Deploy,,
,,,GF-Heating Cattle 3.2,GF-Heating Cattle 3.2,Batch HOM-GF Prod. Mix Area,N/A,HT3.2,N/A,HVM-ELC-0747,GF Prod.-Mix Area,,,,Havmor,Ready to Deploy,,
,,,GF-Heating Cattle 4,GF-Heating Cattle 4,Batch HOM-GF Prod. Mix Area,N/A,HT4,N/A,HVM-ELC-0748,GF Prod.-Mix Area,,,,Havmor,Ready to Deploy,,
,,,GF-Rubdi MFG Tank 1,GF-Rubdi MFG Tank 1,Batch HOM-GF Prod. Mix Area,N/A,RMFGT1,N/A,HVM-ELC-0749,GF Prod.-Mix Area,,,,Havmor,Ready to Deploy,,
,,,GF-Rubdi MFG Tank 2,GF-Rubdi MFG Tank 2,Batch HOM-GF Prod. Mix Area,N/A,RMFGT2,N/A,HVM-ELC-0750,GF Prod.-Mix Area,,,,Havmor,Ready to Deploy,,
,,,GF-Rubdi MFG Tank 3,GF-Rubdi MFG Tank 3,Batch HOM-GF Prod. Mix Area,N/A,RMFGT3,N/A,HVM-ELC-0751,GF Prod.-Mix Area,,,,Havmor,Ready to Deploy,,
,,,GF-Milk Storage Tank 10KL,GF-Milk Storage Tank 10KL,Batch HOM-GF Prod. Mix Area,N/A,MST10KL,N/A,HVM-ELC-0752,GF Prod.-Mix Area,,,,Havmor,Ready to Deploy,,
,,,GF-Milk Storage Tank 10KL HOR.,GF-Milk Storage Tank 10KL HOR.,Batch HOM-GF Prod. Mix Area,N/A,MST10KLHOR,N/A,HVM-ELC-0753,GF Prod.-Mix Area,,,,Havmor,Ready to Deploy,,
,,,GF-Chocolate Tank-3000 Ltr,GF-Chocolate Tank-3000 Ltr,Batch HOM-GF Prod. Mix Area,N/A,CT3000LTR,N/A,HVM-ELC-0754,GF Prod.-Mix Area,,,,Havmor,Ready to Deploy,,
,,,GF-Butter Melting Vat-1 - 1000 Kg/HR,GF-Butter Melting Vat-1 - 1000 Kg/HR,Batch HOM-GF Prod. Mix Area,N/A,BMV1_1000KG,N/A,HVM-ELC-0755,GF Prod.-Mix Area,,,,Havmor,Ready to Deploy,,
,,,GF-Butter Melting Vat-2 - 1000 Kg/HR,GF-Butter Melting Vat-2 - 1000 Kg/HR,Batch HOM-GF Prod. Mix Area,N/A,BMV2_1000KG,N/A,HVM-ELC-0756,GF Prod.-Mix Area,,,,Havmor,Ready to Deploy,,
,,,"GF-Mix PHE 1, Tetra Pak, 5000 LPH","GF-Mix PHE 1, Tetra Pak, 5000 LPH",Batch HOM-GF Prod. Mix Area,N/A,MPHE1,N/A,HVM-ELC-0757,GF Prod.-Mix Area,,,,Havmor,Ready to Deploy,,
,,,GF-HTST 1-Capacity : 5KLPH,GF-HTST 1-Capacity : 5KLPH,Batch HOM-GF Prod. Mix Area,N/A,HTST1GFP,N/A,HVM-ELC-0758,GF Prod.-Mix Area,,,,Havmor,Ready to Deploy,,
,,,GF-HTST 2-Capacity : 5KLPH,GF-HTST 2-Capacity : 5KLPH,Batch HOM-GF Prod. Mix Area,N/A,HTST2GFP,N/A,HVM-ELC-0759,GF Prod.-Mix Area,,,,Havmor,Ready to Deploy,,
,,,GF-Pre Heating Unit 1 5 KLPH,GF-Pre Heating Unit 1 5 KLPH,Batch HOM-GF Prod. Mix Area,N/A,PHU1.5,N/A,HVM-ELC-0760,GF Prod.-Mix Area,,,,Havmor,Ready to Deploy,,
,,,GF-Pre Heating Unit 2 5 KLPH,GF-Pre Heating Unit 2 5 KLPH,Batch HOM-GF Prod. Mix Area,N/A,PHU2.5,N/A,HVM-ELC-0761,GF Prod.-Mix Area,,,,Havmor,Ready to Deploy,,
,,,GF-Turbo Blender 500 Kg/HR IDMC,GF-Turbo Blender 500 Kg/HR IDMC,Batch HOM-GF Prod. Mix Area,N/A,TB-500,N/A,HVM-ELC-0762,GF Prod.-Mix Area,,,,Havmor,Ready to Deploy,,
,,,GF-Turbo Blender 1 2500 Kg/HR,GF-Turbo Blender 1 2500 Kg/HR,Batch HOM-GF Prod. Mix Area,N/A,TB-1,N/A,HVM-ELC-0763,GF Prod.-Mix Area,,,,Havmor,Ready to Deploy,,
,,,GF-Turbo Blender 2 2500 Kg/HR,GF-Turbo Blender 2 2500 Kg/HR,Batch HOM-GF Prod. Mix Area,N/A,TB-2,N/A,HVM-ELC-0764,GF Prod.-Mix Area,,,,Havmor,Ready to Deploy,,
,,,"GF-Milk Rec. Pump, 3HP, 2800 RPM, 10000 LPH 1","GF-Milk Rec. Pump, 3HP, 2800 RPM, 10000 LPH 1",Batch HOM-GF Prod. Mix Area,N/A,MRP_LPH-1,N/A,HVM-ELC-0765,GF Prod.-Mix Area,,,,Havmor,Ready to Deploy,,
,,,"GF-Milk Rec. Pump, 3HP, 2800 RPM, 10000 LPH 2","GF-Milk Rec. Pump, 3HP, 2800 RPM, 10000 LPH 2",Batch HOM-GF Prod. Mix Area,N/A,MRP_LPH-2,N/A,HVM-ELC-0766,GF Prod.-Mix Area,,,,Havmor,Ready to Deploy,,
,,,GF-Milk Pump 2 (Nr. Milk Storage Tank),GF-Milk Pump 2 (Nr. Milk Storage Tank),Batch HOM-GF Prod. Mix Area,N/A,MP-2,N/A,HVM-ELC-0767,GF Prod.-Mix Area,,,,Havmor,Ready to Deploy,,
,,,GF-Milk Pump 35KLPH of Turbo Blender,GF-Milk Pump 35KLPH of Turbo Blender,Batch HOM-GF Prod. Mix Area,N/A,MP-35KLPH,N/A,HVM-ELC-0768,GF Prod.-Mix Area,,,,Havmor,Ready to Deploy,,
,,,GF-Gas Burner With Blower 1,GF-Gas Burner With Blower 1,Batch HOM-GF Prod. Mix Area,N/A,GBWB1,N/A,HVM-ELC-0769,GF Prod.-Mix Area,,,,Havmor,Ready to Deploy,,
,,,GF-Gas Burner With Blower 2,GF-Gas Burner With Blower 2,Batch HOM-GF Prod. Mix Area,N/A,GBWB2,N/A,HVM-ELC-0770,GF Prod.-Mix Area,,,,Havmor,Ready to Deploy,,
,,,MF-AV 1,MF-Aging Vat 1,Batch HOM-GF Prod. Mix Area,N/A,AV_1,N/A,HVM-ELC-0771,Mainzling Fl-Aging Vat Area,,,,Havmor,Ready to Deploy,,
,,,MF-AV 2,MF-Aging Vat 2,Batch HOM-GF Prod. Mix Area,N/A,AV_2,N/A,HVM-ELC-0772,Mainzling Fl-Aging Vat Area,,,,Havmor,Ready to Deploy,,
,,,MF-AV 3,MF-Aging Vat 3,Batch HOM-GF Prod. Mix Area,N/A,AV_3,N/A,HVM-ELC-0773,Mainzling Fl-Aging Vat Area,,,,Havmor,Ready to Deploy,,
,,,MF-AV 4,MF-Aging Vat 4,Batch HOM-GF Prod. Mix Area,N/A,AV_4,N/A,HVM-ELC-0774,Mainzling Fl-Aging Vat Area,,,,Havmor,Ready to Deploy,,
,,,MF-AV 5,MF-Aging Vat 5,Batch HOM-GF Prod. Mix Area,N/A,AV_5,N/A,HVM-ELC-0775,Mainzling Fl-Aging Vat Area,,,,Havmor,Ready to Deploy,,
,,,MF-AV 6,MF-Aging Vat 6,Batch HOM-GF Prod. Mix Area,N/A,AV_6,N/A,HVM-ELC-0776,Mainzling Fl-Aging Vat Area,,,,Havmor,Ready to Deploy,,
,,,MF-AV 7,MF-Aging Vat 7,Batch HOM-GF Prod. Mix Area,N/A,AV_7,N/A,HVM-ELC-0777,Mainzling Fl-Aging Vat Area,,,,Havmor,Ready to Deploy,,
,,,MF-AV 8,MF-Aging Vat 8,Batch HOM-GF Prod. Mix Area,N/A,AV_8,N/A,HVM-ELC-0778,Mainzling Fl-Aging Vat Area,,,,Havmor,Ready to Deploy,,
,,,MF-AV 9,MF-Aging Vat 9,Batch HOM-GF Prod. Mix Area,N/A,AV_9,N/A,HVM-ELC-0779,Mainzling Fl-Aging Vat Area,,,,Havmor,Ready to Deploy,,
,,,MF-AV 10,MF-Aging Vat 10,Batch HOM-GF Prod. Mix Area,N/A,AV_10,N/A,HVM-ELC-0780,Mainzling Fl-Aging Vat Area,,,,Havmor,Ready to Deploy,,
,,,MF-AV 11,MF-Aging Vat 11,Batch HOM-GF Prod. Mix Area,N/A,AV_11,N/A,HVM-ELC-0781,Mainzling Fl-Aging Vat Area,,,,Havmor,Ready to Deploy,,
,,,MF-AV 12,MF-Aging Vat 12,Batch HOM-GF Prod. Mix Area,N/A,AV_12,N/A,HVM-ELC-0782,Mainzling Fl-Aging Vat Area,,,,Havmor,Ready to Deploy,,
,,,MF-AV 13,MF-Aging Vat 13,Batch HOM-GF Prod. Mix Area,N/A,AV_13,N/A,HVM-ELC-0783,Mainzling Fl-Aging Vat Area,,,,Havmor,Ready to Deploy,,
,,,MF-AV 14,MF-Aging Vat 14,Batch HOM-GF Prod. Mix Area,N/A,AV_14,N/A,HVM-ELC-0784,Mainzling Fl-Aging Vat Area,,,,Havmor,Ready to Deploy,,
,,,MF-AV 15,MF-Aging Vat 15,Batch HOM-GF Prod. Mix Area,N/A,AV_15,N/A,HVM-ELC-0785,Mainzling Fl-Aging Vat Area,,,,Havmor,Ready to Deploy,,
,,,MF-AV 16,MF-Aging Vat 16,Batch HOM-GF Prod. Mix Area,N/A,AV_16,N/A,HVM-ELC-0786,Mainzling Fl-Aging Vat Area,,,,Havmor,Ready to Deploy,,
,,,MF-AV 17,MF-Aging Vat 17,Batch HOM-GF Prod. Mix Area,N/A,AV_17,N/A,HVM-ELC-0787,Mainzling Fl-Aging Vat Area,,,,Havmor,Ready to Deploy,,
,,,MF-AV 18,MF-Aging Vat 18,Batch HOM-GF Prod. Mix Area,N/A,AV_18,N/A,HVM-ELC-0788,Mainzling Fl-Aging Vat Area,,,,Havmor,Ready to Deploy,,
,,,MF-AV 19,MF-Aging Vat 19,Batch HOM-GF Prod. Mix Area,N/A,AV_19,N/A,HVM-ELC-0789,Mainzling Fl-Aging Vat Area,,,,Havmor,Ready to Deploy,,
,,,MF-AV 20,MF-Aging Vat 20,Batch HOM-GF Prod. Mix Area,N/A,AV_20,N/A,HVM-ELC-0790,Mainzling Fl-Aging Vat Area,,,,Havmor,Ready to Deploy,,
,,,MF-AV 21,MF-Aging Vat 21,Batch HOM-GF Prod. Mix Area,N/A,AV_21,N/A,HVM-ELC-0791,Mainzling Fl-Aging Vat Area,,,,Havmor,Ready to Deploy,,
,,,MF-AV 22,MF-Aging Vat 22,Batch HOM-GF Prod. Mix Area,N/A,AV_22,N/A,HVM-ELC-0792,Mainzling Fl-Aging Vat Area,,,,Havmor,Ready to Deploy,,
,,,MF-AV 23,MF-Aging Vat 23,Batch HOM-GF Prod. Mix Area,N/A,AV_23,N/A,HVM-ELC-0793,Mainzling Fl-Aging Vat Area,,,,Havmor,Ready to Deploy,,
,,,MF-White Chocolate Storage Tank 3KL,MF-White Chocolate Storage Tank 3KL,Batch HOM-GF Prod. Mix Area,N/A,WCST_3KL,N/A,HVM-ELC-0794,Mainzling Fl-Aging Vat Area,,,,Havmor,Ready to Deploy,,
,,,MF-Mix Transfer Pump 1,MF-Mix Transfer Pump 1,Batch HOM-GF Prod. Mix Area,N/A,MTP1,N/A,HVM-ELC-0795,Mainzling Fl-Aging Vat Area,,,,Havmor,Ready to Deploy,,
,,,MF-Mix Transfer Pump 2,MF-Mix Transfer Pump 2,Batch HOM-GF Prod. Mix Area,N/A,MTP2,N/A,HVM-ELC-0796,Mainzling Fl-Aging Vat Area,,,,Havmor,Ready to Deploy,,
,,,MF-Mix Transfer Pump 3,MF-Mix Transfer Pump 3,Batch HOM-GF Prod. Mix Area,N/A,MTP3,N/A,HVM-ELC-0797,Mainzling Fl-Aging Vat Area,,,,Havmor,Ready to Deploy,,
,,,MF-Mix Transfer Pump 4,MF-Mix Transfer Pump 4,Batch HOM-GF Prod. Mix Area,N/A,MTP4,N/A,HVM-ELC-0798,Mainzling Fl-Aging Vat Area,,,,Havmor,Ready to Deploy,,
,,,MF-Mix Transfer Pump 5,MF-Mix Transfer Pump 5,Batch HOM-GF Prod. Mix Area,N/A,MTP5,N/A,HVM-ELC-0799,Mainzling Fl-Aging Vat Area,,,,Havmor,Ready to Deploy,,
,,,MF-Mix Transfer Pump 7,MF-Mix Transfer Pump 7,Batch HOM-GF Prod. Mix Area,N/A,MTP7,N/A,HVM-ELC-0800,Mainzling Fl-Aging Vat Area,,,,Havmor,Ready to Deploy,,
,,,MF-Chopaty Transfer Pump 1,MF-Chopaty Transfer Pump 1,Batch HOM-GF Prod. Mix Area,N/A,CTP1MF,N/A,HVM-ELC-0801,Mainzling Fl-Aging Vat Area,,,,Havmor,Ready to Deploy,,
,,,MF-Chopaty Transfer Pump 2,MF-Chopaty Transfer Pump 2,Batch HOM-GF Prod. Mix Area,N/A,CTP2MF,N/A,HVM-ELC-0802,Mainzling Fl-Aging Vat Area,,,,Havmor,Ready to Deploy,,
,,,MF-Chopaty Transfer Pump 3,MF-Chopaty Transfer Pump 3,Batch HOM-GF Prod. Mix Area,N/A,CTP3MF,N/A,HVM-ELC-0803,Mainzling Fl-Aging Vat Area,,,,Havmor,Ready to Deploy,,
,,,MF-White Chocolate Transfer Pump,MF-White Chocolate Transfer Pump,Batch HOM-GF Prod. Mix Area,N/A,WCTP,N/A,HVM-ELC-0804,Mainzling Fl-Aging Vat Area,,,,Havmor,Ready to Deploy,,
,,,GF-H.T.S.T 1,GF-H.T.S.T 1,HTST-GF Prod. Mix Area,N/A,HTST1,N/A,HVM-ELC-0805,GF Prod. Mix Section-PHE,,,,Havmor,Ready to Deploy,,
,,,GF-H.T.S.T 2,GF-H.T.S.T 2,HTST-GF Prod. Mix Area,N/A,HTST2,N/A,HVM-ELC-0806,GF Prod. Mix Section-PHE,,,,Havmor,Ready to Deploy,,
,,,Pre Heating Ststem 1,Pre Heating Ststem 1,HTST-GF Prod. Mix Area,N/A,PHE1,N/A,HVM-ELC-0807,GF Prod. Mix Section-PHE,,,,Havmor,Ready to Deploy,,
,,,Pre Heating Ststem 2,Pre Heating Ststem 2,HTST-GF Prod. Mix Area,N/A,PHE2,N/A,HVM-ELC-0808,GF Prod. Mix Section-PHE,,,,Havmor,Ready to Deploy,,
,,,Chemical Dosing Pump 1,Chemical Dosing Pump 1,CIP System-GF Prod. Mix Area,N/A,CDP1,N/A,HVM-ELC-0809,GF Prod. Mix Section-CIP System,,,,Havmor,Ready to Deploy,,
,,,Chemical Dosing Pump 2,Chemical Dosing Pump 2,CIP System-GF Prod. Mix Area,N/A,CDP2,N/A,HVM-ELC-0810,GF Prod. Mix Section-CIP System,,,,Havmor,Ready to Deploy,,
,,,C.I.P Pump (Circuit A),C.I.P Pump (Circuit A),CIP System-GF Prod. Mix Area,N/A,CIPMCA,N/A,HVM-ELC-0811,GF Prod. Mix Section-CIP System,,,,Havmor,Ready to Deploy,,
,,,C.I.P Pump (Circuit B),C.I.P Pump (Circuit B),CIP System-GF Prod. Mix Area,N/A,CIPMCB,N/A,HVM-ELC-0812,GF Prod. Mix Section-CIP System,,,,Havmor,Ready to Deploy,,
,,,C.I.P Pump (Circuit C),C.I.P Pump (Circuit C),CIP System-GF Prod. Mix Area,N/A,CIPMCC,N/A,HVM-ELC-0813,GF Prod. Mix Section-CIP System,,,,Havmor,Ready to Deploy,,
,,,C.I.P Pump (Circuit D),C.I.P Pump (Circuit D),CIP System-GF Prod. Mix Area,N/A,CIPMCD,N/A,HVM-ELC-0814,GF Prod. Mix Section-CIP System,,,,Havmor,Ready to Deploy,,
,,,C.I.P Return Pump (Circuit A),C.I.P Return Pump (Circuit A),CIP System-GF Prod. Mix Area,N/A,CIPRPCA,N/A,HVM-ELC-0815,GF Prod. Mix Section-CIP System,,,,Havmor,Ready to Deploy,,
,,,C.I.P Return Pump (Circuit B),C.I.P Return Pump (Circuit B),CIP System-GF Prod. Mix Area,N/A,CIPRPCB,N/A,HVM-ELC-0816,GF Prod. Mix Section-CIP System,,,,Havmor,Ready to Deploy,,
,,,C.I.P Return Pump (Circuit C),C.I.P Return Pump (Circuit C),CIP System-GF Prod. Mix Area,N/A,CIPRPCC,N/A,HVM-ELC-0817,GF Prod. Mix Section-CIP System,,,,Havmor,Ready to Deploy,,
,,,C.I.P Return Pump (Circuit D),C.I.P Return Pump (Circuit D),CIP System-GF Prod. Mix Area,N/A,CIPRPCD,N/A,HVM-ELC-0818,GF Prod. Mix Section-CIP System,,,,Havmor,Ready to Deploy,,
,,,Freezer 1 (Synergy-600lph),Freezer 1 (Synergy-600lph),Freezer-GF Prod. Mix Area,N/A,FR1S,N/A,HVM-ELC-0819,GF Prod. Mix Area,,,,Havmor,Ready to Deploy,,
,,,Freezer 2 (Crepeco) 600lph,Freezer 2 (Crepeco) 600lph,Freezer-GF Prod. Mix Area,N/A,FR2C,N/A,HVM-ELC-0820,GF Prod. Mix Area,,,,Havmor,Ready to Deploy,,
,,,Freezer 3 (Crepeco) 1200lph,Freezer 3 (Crepeco) 1200lph,Freezer-GF Prod. Mix Area,N/A,FR3C,N/A,HVM-ELC-0821,GF Prod. Mix Area,,,,Havmor,Ready to Deploy,,
,,,Freezer 4 (Crepeco) 1200lph,Freezer 4 (Crepeco) 1200lph,Freezer-GF Prod. Mix Area,N/A,FR4C,N/A,HVM-ELC-0822,GF Prod. Mix Area,,,,Havmor,Ready to Deploy,,
,,,Freezer 5 (Crepeco) 600lph,Freezer 5 (Crepeco) 600lph,Freezer-GF Prod. Mix Area,N/A,FR5C,N/A,HVM-ELC-0823,GF Prod. Mix Area,,,,Havmor,Ready to Deploy,,
,,,Freezer 6 (Hoyer) 600lph,Freezer 6 (Hoyer) 600lph,Freezer-GF Prod. Mix Area,N/A,FR6H,N/A,HVM-ELC-0824,GF Prod. Mix Area,,,,Havmor,Ready to Deploy,,
,,,Freezer 7 (Crepeco) 600lph,Freezer 7 (Crepeco) 600lph,Freezer-GF Prod. Mix Area,N/A,FR7C,N/A,HVM-ELC-0825,GF Prod. Mix Area,,,,Havmor,Ready to Deploy,,
,,,Freezer 8 (Crepeco) 600lph,Freezer 8 (Crepeco) 600lph,Freezer-GF Prod. Mix Area,N/A,FR8C,N/A,HVM-ELC-0826,GF Prod. Mix Area,,,,Havmor,Ready to Deploy,,
,,,Nty Contineous Freezer-ISF-1 400L,Novelty Contineous Freezer-ISF-1 400L,Freezer-GF Prod. Mix Area,N/A,NCFISF-1_400L,N/A,HVM-ELC-0827,Novelty Area,,,,Havmor,Ready to Deploy,,
,,,Nty Contineous Freezer-ISF-2 400L,Novelty Contineous Freezer-ISF-2 400L,Freezer-GF Prod. Mix Area,N/A,NCFISF-2_400L,N/A,HVM-ELC-0828,Novelty Area,,,,Havmor,Ready to Deploy,,
,,,Nty Contineous Freezer-ISF-3 400L,Novelty Contineous Freezer-ISF-3 400L,Freezer-GF Prod. Mix Area,N/A,NCFISF-3_400L,N/A,HVM-ELC-0829,Novelty Area,,,,Havmor,Ready to Deploy,,
,,,Nty Fruit Feeder 1 (CF-1),Novelty Fruit Feeder 1 (CF-1),Fruit Feeder-GF Prod. Mix Area,N/A,NFF1,N/A,HVM-ELC-0830,Novelty Area,,,,Havmor,Ready to Deploy,,
,,,Nty Fruit Feeder 2 (CF-2),Novelty Fruit Feeder 2 (CF-2),Fruit Feeder-GF Prod. Mix Area,N/A,NFF2,N/A,HVM-ELC-0831,Novelty Area,,,,Havmor,Ready to Deploy,,
,,,Nty - Metal Detector 1 (Production),Novelty - Metal Detector 1 (Production),Metal Detector & Conveyer-GF Prod. Mix Area,N/A,MD1P,N/A,HVM-ELC-0832,Novelty Area,,,,Havmor,Ready to Deploy,,
,,,Air Dryer 1,Utility Area-Air Dryer 1,Air Dryer-Utility Area,N/A,AD1,N/A,HVM-ELC-0833,Utility Area-Air Compressor,,,,Havmor,Ready to Deploy,,
,,,Air Dryer 2,Utility Area-Air Dryer 2,Air Dryer-Utility Area,N/A,AD2,N/A,HVM-ELC-0834,Utility Area-Air Compressor,,,,Havmor,Ready to Deploy,,
,,,Air Dryer 3,Utility Area-Air Dryer 3,Air Dryer-Utility Area,N/A,AD3,N/A,HVM-ELC-0835,Utility Area-Air Compressor,,,,Havmor,Ready to Deploy,,
,,,Air Dryer 4,Utility Area-Air Dryer 4,Air Dryer-Utility Area,N/A,AD4,N/A,HVM-ELC-0836,Utility Area-Air Compressor,,,,Havmor,Ready to Deploy,,
,,,Air Dryer 5,Utility Area-Air Dryer 5,Air Dryer-Utility Area,N/A,AD5,N/A,HVM-ELC-0837,Utility Area-Air Compressor,,,,Havmor,Ready to Deploy,,
,,,Air Dryer 6,Utility Area-Air Dryer 6,Air Dryer-Utility Area,N/A,AD6,N/A,HVM-ELC-0838,Utility Area-Air Compressor,,,,Havmor,Ready to Deploy,,
,,,Air Dryer 7,Utility Area-Air Dryer 7,Air Dryer-Utility Area,N/A,AD7,N/A,HVM-ELC-0839,Utility Area-Air Compressor,,,,Havmor,Ready to Deploy,,
,,,Air Dryer 8,Utility Area-Air Dryer 8,Air Dryer-Utility Area,N/A,AD8,N/A,HVM-ELC-0840,Utility Area-Air Compressor,,,,Havmor,Ready to Deploy,,
,,,Air Compressor 1,Utility Area-Air Compressor 1,Air Compressor-Utility Area,N/A,AC1UA,N/A,HVM-ELC-0841,Utility Area-Air Compressor,,,,Havmor,Ready to Deploy,,
,,,Air Compressor 2,Utility Area-Air Compressor 2,Air Compressor-Utility Area,N/A,AC2UA,N/A,HVM-ELC-0842,Utility Area-Air Compressor,,,,Havmor,Ready to Deploy,,
,,,Air Compressor 3,Utility Area-Air Compressor 3,Air Compressor-Utility Area,N/A,AC3UA,N/A,HVM-ELC-0843,Utility Area-Air Compressor,,,,Havmor,Ready to Deploy,,
,,,Air Compressor 4,Utility Area-Air Compressor 4,Air Compressor-Utility Area,N/A,AC4UA,N/A,HVM-ELC-0844,Utility Area-Air Compressor,,,,Havmor,Ready to Deploy,,
,,,Air Compressor 5,Utility Area-Air Compressor 5,Air Compressor-Utility Area,N/A,AC5UA,N/A,HVM-ELC-0845,Utility Area-Air Compressor,,,,Havmor,Ready to Deploy,,
,,,Air Compressor 6,Utility Area-Air Compressor 6,Air Compressor-Utility Area,N/A,AC6UA,N/A,HVM-ELC-0846,Utility Area-Air Compressor,,,,Havmor,Ready to Deploy,,
,,,Air Compressor 7,Utility Area-Air Compressor 7,Air Compressor-Utility Area,N/A,AC7UA,N/A,HVM-ELC-0847,Utility Area-Air Compressor,,,,Havmor,Ready to Deploy,,
,,,Boiler 1,Boiler 1,Boiler-Utility Area,N/A,BR1,N/A,HVM-ELC-0848,Utility Area-Boiler,,,,Havmor,Ready to Deploy,,
,,,Boiler 2,Boiler 2,Boiler-Utility Area,N/A,BR2,N/A,HVM-ELC-0849,Utility Area-Boiler,,,,Havmor,Ready to Deploy,,
,,,Steam Line-Production Area,Steam Line-Production Area,Boiler-Utility Area,N/A,SLPA,N/A,HVM-ELC-0850,Utility Area-HV,,,,Havmor,Ready to Deploy,,
,,,Steam Line-Crate Wash Area,Steam Line-Crate Wash Area,Boiler-Utility Area,N/A,SLCWA,N/A,HVM-ELC-0851,Utility Area-HV,,,,Havmor,Ready to Deploy,,
,,,Steam Line-Cip Room,Steam Line-Cip Room,Boiler-Utility Area,N/A,SLCR,N/A,HVM-ELC-0852,Utility Area-HV,,,,Havmor,Ready to Deploy,,
,,,Steam Line-Aging Vat Area,Steam Line-Aging Vat Area,Boiler-Utility Area,N/A,SLAVA,N/A,HVM-ELC-0853,Utility Area-HV,,,,Havmor,Ready to Deploy,,
,,,Steam Line-Mix Seaction Area,Steam Line-Mix Seaction Area,Boiler-Utility Area,N/A,SLMSEA,N/A,HVM-ELC-0854,Utility Area-HV,,,,Havmor,Ready to Deploy,,
,,,Steam Line-RM Kitchen Area,Steam Line-RM Kitchen Area,Boiler-Utility Area,N/A,SLRMKA,N/A,HVM-ELC-0855,Utility Area-HV,,,,Havmor,Ready to Deploy,,
,,,Steam Line-Boiler Area,Steam Line-Boiler Area,Boiler-Utility Area,N/A,SLBA,N/A,HVM-ELC-0856,Utility Area-HV,,,,Havmor,Ready to Deploy,,
,,,Steam Trap-Batch Pasteurizer 1,Steam Trap-Batch Pesturizer 1,Boiler-Utility Area,N/A,STBP1,N/A,HVM-ELC-0857,Utility Area-HV,,,,Havmor,Ready to Deploy,,
,,,Steam Trap-Batch Pasteurizer 2,Steam Trap-Batch Pesturizer 2,Boiler-Utility Area,N/A,STBP2,N/A,HVM-ELC-0858,Utility Area-HV,,,,Havmor,Ready to Deploy,,
,,,Steam Trap-Batch Pasteurizer 3,Steam Trap-Batch Pesturizer 3,Boiler-Utility Area,N/A,STBP3,N/A,HVM-ELC-0859,Utility Area-HV,,,,Havmor,Ready to Deploy,,
,,,Steam Trap-Rubdi Tank 1,Steam Trap-Rubdi Tank 1,Boiler-Utility Area,N/A,STRT1,N/A,HVM-ELC-0860,Utility Area-HV,,,,Havmor,Ready to Deploy,,
,,,Steam Trap-Rubdi Tank 2,Steam Trap-Rubdi Tank 2,Boiler-Utility Area,N/A,STRT2,N/A,HVM-ELC-0861,Utility Area-HV,,,,Havmor,Ready to Deploy,,
,,,Steam Trap-Chocolate Mfg Tank 1 (Kitchen),Steam Trap-Chocolate Mfg Tank 1 (Kitchen),Boiler-Utility Area,N/A,STCMFGT1,N/A,HVM-ELC-0862,Utility Area-HV,,,,Havmor,Ready to Deploy,,
,,,Steam Trap-Chocolate Mfg Tank 2 (Kitchen),Steam Trap-Chocolate Mfg Tank 2 (Kitchen),Boiler-Utility Area,N/A,STCMFGT2,N/A,HVM-ELC-0863,Utility Area-HV,,,,Havmor,Ready to Deploy,,
,,,Steam Trap-Aging Vat Area,Steam Trap-Aging Vat Area,Boiler-Utility Area,N/A,STAVA_1,N/A,HVM-ELC-0864,Utility Area-HV,,,,Havmor,Ready to Deploy,,
,,,Steam Trap-Boiler Area,Steam Trap-Boiler Area,Boiler-Utility Area,N/A,STBA_1,N/A,HVM-ELC-0865,Utility Area-HV,,,,Havmor,Ready to Deploy,,
,,,Boiler Cleaning,Boiler Cleaning,Boiler-Utility Area,N/A,BC,N/A,HVM-ELC-0866,Utility Area-HV,,,,Havmor,Ready to Deploy,,
,,,Steam piping Cleaning,Steam piping Cleaning,Boiler-Utility Area,N/A,SPC,N/A,HVM-ELC-0867,Utility Area-HV,,,,Havmor,Ready to Deploy,,
,,,Floor Cleaning,Floor Cleaning,Boiler-Utility Area,N/A,FC,N/A,HVM-ELC-0868,Utility Area-HV,,,,Havmor,Ready to Deploy,,
,,,PNG Gas Pipeline,PNG Gas Pipeline,Boiler-Utility Area,N/A,PNGGP_1,N/A,HVM-ELC-0869,Utility Area-HV,,,,Havmor,Ready to Deploy,,
,,,Fire Bucket,Fire Bucket,Boiler-Utility Area,N/A,FB_1,N/A,HVM-ELC-0870,Utility Area-HV,,,,Havmor,Ready to Deploy,,
,,,Cold Store No. 1,Cold Store No. 1-GF,Cold-Utility Area,N/A,CSN1_GF,N/A,HVM-ELC-0871,GF-Utility Area,,,,Havmor,Ready to Deploy,,
,,,Cold Store No. 2,Cold Store No. 2-GF,Cold-Utility Area,N/A,CSN2_GF,N/A,HVM-ELC-0872,GF-Utility Area,,,,Havmor,Ready to Deploy,,
,,,Cold Store No. 3,Cold Store No. 3-GF,Cold-Utility Area,N/A,CSN3_GF,N/A,HVM-ELC-0873,GF-Utility Area,,,,Havmor,Ready to Deploy,,
,,,Cold Store No. 4,Cold Store No. 4-GF,Cold-Utility Area,N/A,CSN4_GF,N/A,HVM-ELC-0874,GF-Utility Area,,,,Havmor,Ready to Deploy,,
,,,Cold Store No. 5,Cold Store No. 5-FF,Cold-Utility Area,N/A,CSN5_FF,N/A,HVM-ELC-0875,FF-Utility Area,,,,Havmor,Ready to Deploy,,
,,,Cold Store No. 6,Cold Store No. 6-FF,Cold-Utility Area,N/A,CSN6_FF,N/A,HVM-ELC-0876,FF-Utility Area,,,,Havmor,Ready to Deploy,,
,,,GF-RM Cold Store,RM Cold Store-GF,Cold-Utility Area,N/A,RMCS_GF,N/A,HVM-ELC-0877,GF-Utility Area,,,,Havmor,Ready to Deploy,,
,,,FF-RM Cold Store,RM Cold Store-FF,Cold-Utility Area,N/A,RMCS_FF,N/A,HVM-ELC-0878,FF-Utility Area,,,,Havmor,Ready to Deploy,,
,,,Hardening Tunnel-GF,Hardening Tunnel-GF,Cold-Utility Area,N/A,HT_GF,N/A,HVM-ELC-0879,Utility Area-HV,,,,Havmor,Ready to Deploy,,
,,,Hardening Tunnel-FF,Hardening Tunnel-FF,Cold-Utility Area,N/A,HT_FF,N/A,HVM-ELC-0880,Utility Area-HV,,,,Havmor,Ready to Deploy,,
,,,Ante Room-GF,Ante Room-GF,Cold-Utility Area,N/A,AR_GF,N/A,HVM-ELC-0881,Utility Area-HV,,,,Havmor,Ready to Deploy,,
,,,Ante Room-FF,Ante Room-FF,Cold-Utility Area,N/A,AR_FF,N/A,HVM-ELC-0882,Utility Area-HV,,,,Havmor,Ready to Deploy,,
,,,Extrusion Hardening Tunnel-GF,Extrusion Hardening Tunnel-GF,Cold-Utility Area,N/A,EHT_GF,N/A,HVM-ELC-0883,Utility Area-HV,,,,Havmor,Ready to Deploy,,
,,,Hardening Tunnel-World Cone,Hardening Tunnel-World Cone,Cold-Utility Area,N/A,HT_WC,N/A,HVM-ELC-0884,Utility Area-HV,,,,Havmor,Ready to Deploy,,
,,,Spiral Hardening No. 1,Spiral Hardening No. 1,Cold-Utility Area,N/A,SHN1,N/A,HVM-ELC-0885,Utility Area-HV,,,,Havmor,Ready to Deploy,,
,,,Spiral Hardening No. 2,Spiral Hardening No. 2,Cold-Utility Area,N/A,SHN2,N/A,HVM-ELC-0886,Utility Area-HV,,,,Havmor,Ready to Deploy,,
,,,Spiral Hardening No. 3,Spiral Hardening No. 3,Cold-Utility Area,N/A,SHN3,N/A,HVM-ELC-0887,Utility Area-HV,,,,Havmor,Ready to Deploy,,
,,,Spiral Hardening No. 4,Spiral Hardening No. 4,Cold-Utility Area,N/A,SHN4,N/A,HVM-ELC-0888,Utility Area-HV,,,,Havmor,Ready to Deploy,,
,,,Hardening Tunnel-Ex. M/C,Hardening Tunnel-Ex. M/C,Cold-Utility Area,N/A,HTEMC,N/A,HVM-ELC-0889,Utility Area-HV,,,,Havmor,Ready to Deploy,,
,,,GF-Production - Door 1,GF-Production - Door 1,Heavy Door-Utility Area,N/A,GFPD1,N/A,HVM-ELC-0890,GF-Utility Area,,,,Havmor,Ready to Deploy,,
,,,GF-Production - Door 2,GF-Production - Door 2,Heavy Door-Utility Area,N/A,GFPD2,N/A,HVM-ELC-0891,GF-Utility Area,,,,Havmor,Ready to Deploy,,
,,,GF-Production - Door 3,GF-Production - Door 3,Heavy Door-Utility Area,N/A,GFPD3,N/A,HVM-ELC-0892,GF-Utility Area,,,,Havmor,Ready to Deploy,,
,,,GF-Production - Door 4,GF-Production - Door 4,Heavy Door-Utility Area,N/A,GFPD4,N/A,HVM-ELC-0893,GF-Utility Area,,,,Havmor,Ready to Deploy,,
,,,GF-Production - Door 5,GF-Production - Door 5,Heavy Door-Utility Area,N/A,GFPD5,N/A,HVM-ELC-0894,GF-Utility Area,,,,Havmor,Ready to Deploy,,
,,,GF-Production - Mix Door 1 (Main Door),GF-Production - Mix Door 1 (Main Door),Heavy Door-Utility Area,N/A,GFPMD1MD,N/A,HVM-ELC-0895,GF-Utility Area,,,,Havmor,Ready to Deploy,,
,,,GF-Production - Mix Door 2,GF-Production - Mix Door 2,Heavy Door-Utility Area,N/A,GFPMD2,N/A,HVM-ELC-0896,GF-Utility Area,,,,Havmor,Ready to Deploy,,
,,,GF-Production - Mix Door 3,GF-Production - Mix Door 3,Heavy Door-Utility Area,N/A,GFPMD3,N/A,HVM-ELC-0897,GF-Utility Area,,,,Havmor,Ready to Deploy,,
,,,GF-Production - Mix Door 4,GF-Production - Mix Door 4,Heavy Door-Utility Area,N/A,GFPMD4,N/A,HVM-ELC-0898,GF-Utility Area,,,,Havmor,Ready to Deploy,,
,,,GF-HR Office Door,GF-HR Office Door,Heavy Door-Utility Area,N/A,GFHROD1,N/A,HVM-ELC-0899,GF-Utility Area,,,,Havmor,Ready to Deploy,,
,,,GF-RM Kitchen Door,GF-RM Kitchen Door,Heavy Door-Utility Area,N/A,GFRMKD1,N/A,HVM-ELC-0900,GF-Utility Area,,,,Havmor,Ready to Deploy,,
,,,GF-Novelty Door,GF-Novelty Door,Heavy Door-Utility Area,N/A,GFND1,N/A,HVM-ELC-0901,GF-Utility Area,,,,Havmor,Ready to Deploy,,
,,,GF-RM-PM Material Moment Door 1,GF-RM-PM Material Moment Door 1,Heavy Door-Utility Area,N/A,GFRMPMMMD1,N/A,HVM-ELC-0902,GF-Utility Area,,,,Havmor,Ready to Deploy,,
,,,GF-RM-PM Material Moment Door 2,GF-RM-PM Material Moment Door 2,Heavy Door-Utility Area,N/A,GFRMPMMMD2,N/A,HVM-ELC-0903,GF-Utility Area,,,,Havmor,Ready to Deploy,,
,,,GF-RM-PM Material Moment Door 3,GF-RM-PM Material Moment Door 3,Heavy Door-Utility Area,N/A,GFRMPMMMD3,N/A,HVM-ELC-0904,GF-Utility Area,,,,Havmor,Ready to Deploy,,
,,,GF-Crate Washer Door 1,GF-Crate Washer Door 1,Heavy Door-Utility Area,N/A,GFCWD1,N/A,HVM-ELC-0905,GF-Utility Area,,,,Havmor,Ready to Deploy,,
,,,GF-Crate Washer Door 2,GF-Crate Washer Door 2,Heavy Door-Utility Area,N/A,GFCWD2,N/A,HVM-ELC-0906,GF-Utility Area,,,,Havmor,Ready to Deploy,,
,,,FF-Production Door 6,FF-Production Door 6,Heavy Door-Utility Area,N/A,FFPD6,N/A,HVM-ELC-0907,FF-Utility Area,,,,Havmor,Ready to Deploy,,
,,,FF-Production Door 7,FF-Production Door 7,Heavy Door-Utility Area,N/A,FFPD7,N/A,HVM-ELC-0908,FF-Utility Area,,,,Havmor,Ready to Deploy,,
,,,FF-Production Door 8,FF-Production Door 8,Heavy Door-Utility Area,N/A,FFPD8,N/A,HVM-ELC-0909,FF-Utility Area,,,,Havmor,Ready to Deploy,,
,,,FF-Chocolate Plant Door,FF-Chocolate Plant Door,Heavy Door-Utility Area,N/A,FFCPD1,N/A,HVM-ELC-0910,FF-Utility Area,,,,Havmor,Ready to Deploy,,
,,,FF-PM Store Door 1,FF-PM Store Door 1,Heavy Door-Utility Area,N/A,FFPMSD1,N/A,HVM-ELC-0911,FF-Utility Area,,,,Havmor,Ready to Deploy,,
,,,FF-PM Store Door 2,FF-PM Store Door 2,Heavy Door-Utility Area,N/A,FFPMSD2,N/A,HVM-ELC-0912,FF-Utility Area,,,,Havmor,Ready to Deploy,,
,,,FF-PM Store Door 3,FF-PM Store Door 3,Heavy Door-Utility Area,N/A,FFPMSD3,N/A,HVM-ELC-0913,FF-Utility Area,,,,Havmor,Ready to Deploy,,
,,,FF-RM Door 1,FF-RM Door 1,Heavy Door-Utility Area,N/A,FFRMD1,N/A,HVM-ELC-0914,FF-Utility Area,,,,Havmor,Ready to Deploy,,
,,,FF-RM Door 2,FF-RM Door 2,Heavy Door-Utility Area,N/A,FFRMD2,N/A,HVM-ELC-0915,FF-Utility Area,,,,Havmor,Ready to Deploy,,
,,,FF-RM Door 3,FF-RM Door 3,Heavy Door-Utility Area,N/A,FFRMD3,N/A,HVM-ELC-0916,FF-Utility Area,,,,Havmor,Ready to Deploy,,
,,,GF-Reception and Office Area Aluminium Door,GF-Reception and Office Area Aluminium Door,Aluminium Door-Utility Area,N/A,GFROA_AD,N/A,HVM-ELC-0917,GF-Utility Area,,,,Havmor,Ready to Deploy,,
,,,GF-HR Office Aluminium Door,GF-HR Office Aluminium Door,Aluminium Door-Utility Area,N/A,GFHO_AD,N/A,HVM-ELC-0918,GF-Utility Area,,,,Havmor,Ready to Deploy,,
,,,GF-Gents & Ladies Toilet Aluminium Door,GF-Gents & Ladies Toilet Aluminium Door,Aluminium Door-Utility Area,N/A,GFGLT_AD,N/A,HVM-ELC-0919,GF-Utility Area,,,,Havmor,Ready to Deploy,,
,,,GF-Production Office Aluminium Door,GF-Production Office Aluminium Door,Aluminium Door-Utility Area,N/A,GFPO_AD,N/A,HVM-ELC-0920,GF-Utility Area,,,,Havmor,Ready to Deploy,,
,,,GF-QC Lab Aluminium Door,GF-QC Lab Aluminium Door,Aluminium Door-Utility Area,N/A,GFQCL_AD,N/A,HVM-ELC-0921,GF-Utility Area,,,,Havmor,Ready to Deploy,,
,,,GF-Mix CIP Area Aluminium Door,GF-Mix CIP Area Aluminium Door,Aluminium Door-Utility Area,N/A,GFMCIPA_AD,N/A,HVM-ELC-0922,GF-Utility Area,,,,Havmor,Ready to Deploy,,
,,,GF-Plant Room Aluminium Door,GF-Plant Room Aluminium Door,Aluminium Door-Utility Area,N/A,GFPR_AD,N/A,HVM-ELC-0923,GF-Utility Area,,,,Havmor,Ready to Deploy,,
,,,GF-Maintenance Room (Mech-Elec) Aluminium Door,GF-Maintenance Room (Mech-Elec) Aluminium Door,Aluminium Door-Utility Area,N/A,GFMRMC_AD,N/A,HVM-ELC-0924,GF-Utility Area,,,,Havmor,Ready to Deploy,,
,,,GF-Dispatch Area Gents Toilet Aluminium Door,GF-Dispatch Area Gents Toilet Aluminium Door,Aluminium Door-Utility Area,N/A,GFDAGT_AD,N/A,HVM-ELC-0925,GF-Utility Area,,,,Havmor,Ready to Deploy,,
,,,GF-Contactor's Room Aluminium Door,GF-Contactor's Room Aluminium Door,Aluminium Door-Utility Area,N/A,GFCR_AD,N/A,HVM-ELC-0926,GF-Utility Area,,,,Havmor,Ready to Deploy,,
,,,FF-Engineering Office Aluminium Door,FF-Engineering Office Aluminium Door,Aluminium Door-Utility Area,N/A,FFEO_AD,N/A,HVM-ELC-0927,FF-Utility Area,,,,Havmor,Ready to Deploy,,
,,,FF-Novelty Office Area Aluminium Door,FF-Novelty Office Area Aluminium Door,Aluminium Door-Utility Area,N/A,FFNOA_AD,N/A,HVM-ELC-0928,FF-Utility Area,,,,Havmor,Ready to Deploy,,
,,,FF-Camera Room Aluminium Door,FF-Camera Room Aluminium Door,Aluminium Door-Utility Area,N/A,FFMR_AD,N/A,HVM-ELC-0929,FF-Utility Area,,,,Havmor,Ready to Deploy,,
,,,FF-Purchase Office Area Aluminium Door,FF-Purchase Office Area Aluminium Door,Aluminium Door-Utility Area,N/A,FFPOA_AD,N/A,HVM-ELC-0930,FF-Utility Area,,,,Havmor,Ready to Deploy,,
,,,FF-Conference Room Aluminium Door,FF-Conference Room Aluminium Door,Aluminium Door-Utility Area,N/A,FFCR_AD,N/A,HVM-ELC-0931,FF-Utility Area,,,,Havmor,Ready to Deploy,,
,,,FF-MIS Office Area Aluminium Door,FF-MIS Office Area Aluminium Door,Aluminium Door-Utility Area,N/A,FFMISOA_AD,N/A,HVM-ELC-0932,FF-Utility Area,,,,Havmor,Ready to Deploy,,
,,,FF-Dispatch Office Area Aluminium Door,FF-Dispatch Office Area Aluminium Door,Aluminium Door-Utility Area,N/A,FFDOA_AD,N/A,HVM-ELC-0933,FF-Utility Area,,,,Havmor,Ready to Deploy,,
,,,FF-RM Office Aluminium Doors,FF-RM Office Aluminium Doors,Aluminium Door-Utility Area,N/A,FFRMO_AD,N/A,HVM-ELC-0934,FF-Utility Area,,,,Havmor,Ready to Deploy,,
,,,FF-PM Office Aluminium Doors,FF-PM Office Aluminium Doors,Aluminium Door-Utility Area,N/A,FFPMO_AD,N/A,HVM-ELC-0935,FF-Utility Area,,,,Havmor,Ready to Deploy,,
,,,FF-Chocolate Plant Aluminium Door,FF-Chocolate Plant Aluminium Door,Aluminium Door-Utility Area,N/A,FFCP_AD,N/A,HVM-ELC-0936,FF-Utility Area,,,,Havmor,Ready to Deploy,,
,,,FF-Lab Area Aluminium Door,FF-Lab Area Aluminium Door,Aluminium Door-Utility Area,N/A,FFLA_AD,N/A,HVM-ELC-0937,FF-Utility Area,,,,Havmor,Ready to Deploy,,
,,,FF-Gents & Ladies Toilet Aluminium Door,FF-Gents & Ladies Toilet Aluminium Door,Aluminium Door-Utility Area,N/A,FFGLT_AD,N/A,HVM-ELC-0938,FF-Utility Area,,,,Havmor,Ready to Deploy,,
,,,FF-Prod. Office Aluminium Door,FF-Prod. Office Aluminium Door,Aluminium Door-Utility Area,N/A,FFPO_AD,N/A,HVM-ELC-0939,FF-Utility Area,,,,Havmor,Ready to Deploy,,
,,,FF-Canteen Area Aluminium Door,FF-Canteen Area Aluminium Door,Aluminium Door-Utility Area,N/A,FFCA_AD,N/A,HVM-ELC-0940,FF-Utility Area,,,,Havmor,Ready to Deploy,,
,,,FF-Cold Rest Room Aluminium Door,FF-Cold Rest Room Aluminium Door,Aluminium Door-Utility Area,N/A,FFCRR_AD,N/A,HVM-ELC-0941,FF-Utility Area,,,,Havmor,Ready to Deploy,,
,,,FF-Entry Room Aluminium Door,FF-Entry Room Aluminium Door,Aluminium Door-Utility Area,N/A,FFER_AD,N/A,HVM-ELC-0942,FF-Utility Area,,,,Havmor,Ready to Deploy,,
,,,FF-Production Aluminium Door,FF-Production Aluminium Door,Aluminium Door-Utility Area,N/A,FFP_AD,N/A,HVM-ELC-0943,FF-Utility Area,,,,Havmor,Ready to Deploy,,
,,,GF-Conveyer-1 (Anty Room),GF-Conveyer-1 (Anty Room),Conveyer-Utility Area,N/A,GF_C1AR,N/A,HVM-ELC-0944,FF-Utility Area,,,,Havmor,Ready to Deploy,,
,,,GF-Conveyer-1 (Dispatch),GF-Conveyer-1 (Dispatch),Conveyer-Utility Area,N/A,GFC1_D,N/A,HVM-ELC-0945,FF-Utility Area,,,,Havmor,Ready to Deploy,,
,,,GF-Conveyer-2 (Dispatch),GF-Conveyer-2 (Dispatch),Conveyer-Utility Area,N/A,GFC2_D,N/A,HVM-ELC-0946,FF-Utility Area,,,,Havmor,Ready to Deploy,,
,,,GF-Conveyer-3 (Dispatch),GF-Conveyer-3 (Dispatch),Conveyer-Utility Area,N/A,GFC3_D,N/A,HVM-ELC-0947,FF-Utility Area,,,,Havmor,Ready to Deploy,,
,,,GF-Conveyer-4 (Dispatch),GF-Conveyer-4 (Dispatch),Conveyer-Utility Area,N/A,GFC4_D,N/A,HVM-ELC-0948,FF-Utility Area,,,,Havmor,Ready to Deploy,,
,,,GF-Conveyer-5 (Dispatch),GF-Conveyer-5 (Dispatch),Conveyer-Utility Area,N/A,GFC5_D,N/A,HVM-ELC-0949,FF-Utility Area,,,,Havmor,Ready to Deploy,,
,,,GF-Conveyer-6 (Dispatch),GF-Conveyer-6 (Dispatch),Conveyer-Utility Area,N/A,GFC6_D,N/A,HVM-ELC-0950,FF-Utility Area,,,,Havmor,Ready to Deploy,,
,,,GF-Conveyer-7 (Dispatch),GF-Conveyer-7 (Dispatch),Conveyer-Utility Area,N/A,GFC7_D,N/A,HVM-ELC-0951,FF-Utility Area,,,,Havmor,Ready to Deploy,,
,,,GF to FF-Conveyer-1 (Production),GF to FF-Conveyer-1 (Production),Conveyer-Utility Area,N/A,GFTOFFC1P,N/A,HVM-ELC-0952,FF-Utility Area,,,,Havmor,Ready to Deploy,,
,,,GF to FF-Conveyer-2 (CS),GF to FF-Conveyer-2 (CS),Conveyer-Utility Area,N/A,GFTOFFC2CS,N/A,HVM-ELC-0953,FF-Utility Area,,,,Havmor,Ready to Deploy,,
,,,GF to FF-Conveyer-3 (Crate Was to FF),GF to FF-Conveyer-3 (Crate Was to FF),Conveyer-Utility Area,N/A,GFTOFFC3CWTOFF,N/A,HVM-ELC-0954,FF-Utility Area,,,,Havmor,Ready to Deploy,,
,,,GF to FF-Conveyer-4 (FF Crate ST to Terrace),GF to FF-Conveyer-4 (FF Crate ST to Terrace),Conveyer-Utility Area,N/A,GFTOFFC4FFCSTTT,N/A,HVM-ELC-0955,FF-Utility Area,,,,Havmor,Ready to Deploy,,
,,,Air Blower 1,Air Blower 1,ETP-Utility Area,N/A,AB1,N/A,HVM-ELC-0956,ETP Plant-HV,,,,Havmor,Ready to Deploy,,
,,,Air Blower 2,Air Blower 2,ETP-Utility Area,N/A,AB2,N/A,HVM-ELC-0957,ETP Plant-HV,,,,Havmor,Ready to Deploy,,
,,,Bio Gas Compressor 1,Bio Gas Compressor 1,ETP-Utility Area,N/A,BGC1,N/A,HVM-ELC-0958,ETP Plant-HV,,,,Havmor,Ready to Deploy,,
,,,Bio Gas Compressor 2,Bio Gas Compressor 2,ETP-Utility Area,N/A,BGC2,N/A,HVM-ELC-0959,ETP Plant-HV,,,,Havmor,Ready to Deploy,,
,,,Bio Gas Compressor 3,Bio Gas Compressor 3,ETP-Utility Area,N/A,BGC3,N/A,HVM-ELC-0960,ETP Plant-HV,,,,Havmor,Ready to Deploy,,
,,,Bio Gas Compressor 4,Bio Gas Compressor 4,ETP-Utility Area,N/A,BGC4,N/A,HVM-ELC-0961,ETP Plant-HV,,,,Havmor,Ready to Deploy,,
,,,Circulation Pump-3-P. CL-1,Circulation Pump-3-P. CL-1,ETP Pump-Utility Area,N/A,CP3_PCL1,N/A,HVM-ELC-0962,ETP Plant-HV,,,,Havmor,Ready to Deploy,,
,,,Circulation Pump-4-P. CL-1,Circulation Pump-4-P. CL-1,ETP Pump-Utility Area,N/A,CP4_PCL1,N/A,HVM-ELC-0963,ETP Plant-HV,,,,Havmor,Ready to Deploy,,
,,,Circulation Pump-7-P.CL-2,Circulation Pump-7-P.CL-2,ETP Pump-Utility Area,N/A,CP7_PCL2,N/A,HVM-ELC-0964,ETP Plant-HV,,,,Havmor,Ready to Deploy,,
,,,Circulation Pump-8-P.CL-2,Circulation Pump-8-P.CL-2,ETP Pump-Utility Area,N/A,CP8_PCL2,N/A,HVM-ELC-0965,ETP Plant-HV,,,,Havmor,Ready to Deploy,,
,,,Circulation Pump-1-Secondary CL-1,Circulation Pump-1-Secondary CL-1,ETP Pump-Utility Area,N/A,CP1_SCL1,N/A,HVM-ELC-0966,ETP Plant-HV,,,,Havmor,Ready to Deploy,,
,,,Circulation Pump-2-Secondary CL-1,Circulation Pump-2-Secondary CL-1,ETP Pump-Utility Area,N/A,CP2_SCL1,N/A,HVM-ELC-0967,ETP Plant-HV,,,,Havmor,Ready to Deploy,,
,,,Circulation Pump-5-Secondary CL-2,Circulation Pump-5-Secondary CL-2,ETP Pump-Utility Area,N/A,CP5_SCL2,N/A,HVM-ELC-0968,ETP Plant-HV,,,,Havmor,Ready to Deploy,,
,,,Circulation Pump-6-Secondary CL-2,Circulation Pump-6-Secondary CL-2,ETP Pump-Utility Area,N/A,CP6_SCL2,N/A,HVM-ELC-0969,ETP Plant-HV,,,,Havmor,Ready to Deploy,,
,,,Raw Effluent Feeding Pump-3-(Anea Tank-2),Raw Effluent Feeding Pump-3-(Anea Tank-2),ETP Pump-Utility Area,N/A,REFP_3_AT2,N/A,HVM-ELC-0970,ETP Plant-HV,,,,Havmor,Ready to Deploy,,
,,,Raw Effluent Feeding Pump-4-(Anea Tank-2),Raw Effluent Feeding Pump-4-(Anea Tank-2),ETP Pump-Utility Area,N/A,REFP_4_AT2,N/A,HVM-ELC-0971,ETP Plant-HV,,,,Havmor,Ready to Deploy,,
,,,Raw Effluent Feeding Pump-1-(Anea Tank-1),Raw Effluent Feeding Pump-1-(Anea Tank-1),ETP Pump-Utility Area,N/A,REFP_1_AT1,N/A,HVM-ELC-0972,ETP Plant-HV,,,,Havmor,Ready to Deploy,,
,,,Raw Effluent Feeding Pump-2-(Anea Tank-1),Raw Effluent Feeding Pump-2-(Anea Tank-1),ETP Pump-Utility Area,N/A,REFP_2_AT1,N/A,HVM-ELC-0973,ETP Plant-HV,,,,Havmor,Ready to Deploy,,
,,,Treated Water Transfer Pump-1,Treated Water Transfer Pump-1,ETP Pump-Utility Area,N/A,TWTP_1,N/A,HVM-ELC-0974,ETP Plant-HV,,,,Havmor,Ready to Deploy,,
,,,Treated Water Transfer Pump-2,Treated Water Transfer Pump-2,ETP Pump-Utility Area,N/A,TWTP_2,N/A,HVM-ELC-0975,ETP Plant-HV,,,,Havmor,Ready to Deploy,,
,,,Carbon Filter,Carbon Filter,Process RO PM-Utility Area,N/A,CF_1,N/A,HVM-ELC-0976,Process RO Plant,,,,Havmor,Ready to Deploy,,
,,,Bag Filter,Bag Filter,Process RO PM-Utility Area,N/A,BF_1,N/A,HVM-ELC-0977,Process RO Plant,,,,Havmor,Ready to Deploy,,
,,,Micro Filter,Micro Filter,Process RO PM-Utility Area,N/A,MF_1,N/A,HVM-ELC-0978,Process RO Plant,,,,Havmor,Ready to Deploy,,
,,,RO Membrane,RO Membrane,Process RO PM-Utility Area,N/A,ROM_1,N/A,HVM-ELC-0979,Process RO Plant,,,,Havmor,Ready to Deploy,,
,,,Process RO Logsheet,Process RO Logsheet,Process RO PM-Utility Area,N/A,PRO_LS,N/A,HVM-ELC-0980,Process RO Plant,,,,Havmor,Ready to Deploy,,
,,,Gycol Chiller,Gycol Chiller,Process RO PM-Utility Area,N/A,GC1,N/A,HVM-ELC-0981,Utility Area-HV,,,,Havmor,Ready to Deploy,,
,,,Safety Valve,Safety Valve,Process RO PM-Utility Area,N/A,SV1,N/A,HVM-ELC-0982,Utility Area-HV,,,,Havmor,Ready to Deploy,,
,,,Panel Air Filter,Panel Air Filter,Process RO PM-Utility Area,N/A,PAF1,N/A,HVM-ELC-0983,Utility Area-HV,,,,Havmor,Ready to Deploy,,
,,,Gycol Chiller - Primary Pump-1,Gycol Chiller - Primary Pump-1,Gycol Chiller-Utility Area,N/A,GCPP1,N/A,HVM-ELC-0984,Utility Area-HV,,,,Havmor,Ready to Deploy,,
,,,Gycol Chiller - Primary Pump-2,Gycol Chiller - Primary Pump-2,Gycol Chiller-Utility Area,N/A,GCPP2,N/A,HVM-ELC-0985,Utility Area-HV,,,,Havmor,Ready to Deploy,,
,,,Gycol Chiller - Secondary Pump-1,Gycol Chiller - Secondary Pump-1,Gycol Chiller-Utility Area,N/A,GCSP1,N/A,HVM-ELC-0986,Utility Area-HV,,,,Havmor,Ready to Deploy,,
,,,Gycol Chiller - Secondary Pump-2,Gycol Chiller - Secondary Pump-2,Gycol Chiller-Utility Area,N/A,GCSP2,N/A,HVM-ELC-0987,Utility Area-HV,,,,Havmor,Ready to Deploy,,
,,,Gycol Chiller - Cooling Tower Pump-1,Gycol Chiller - Cooling Tower Pump-1,Gycol Chiller-Utility Area,N/A,GCCTP1,N/A,HVM-ELC-0988,Utility Area-HV,,,,Havmor,Ready to Deploy,,
,,,Gycol Chiller - Cooling Tower Pump-2,Gycol Chiller - Cooling Tower Pump-2,Gycol Chiller-Utility Area,N/A,GCCTP2,N/A,HVM-ELC-0989,Utility Area-HV,,,,Havmor,Ready to Deploy,,
,,,Gycol Chiller - Cooling Tower Fan,Gycol Chiller - Cooling Tower Fan,Gycol Chiller-Utility Area,N/A,GCCTF1,N/A,HVM-ELC-0990,Utility Area-HV,,,,Havmor,Ready to Deploy,,
,,,MBR-Air Blower 1,MBR-Air Blower 1,MBR-Air Blower-Utility Area,N/A,MBR_AB1,N/A,HVM-ELC-0991,MBR RO Plant,,,,Havmor,Ready to Deploy,,
,,,MBR-Air Blower 2,MBR-Air Blower 2,MBR-Air Blower-Utility Area,N/A,MBR_AB2,N/A,HVM-ELC-0992,MBR RO Plant,,,,Havmor,Ready to Deploy,,
,,,Aeration Tank - Air Blower-1,Aeration Tank - Air Blower-1,MBR-Air Blower-Utility Area,N/A,ATAB1,N/A,HVM-ELC-0993,MBR RO Plant,,,,Havmor,Ready to Deploy,,
,,,Aeration Tank - Air Blower-2,Aeration Tank - Air Blower-2,MBR-Air Blower-Utility Area,N/A,ATAB2,N/A,HVM-ELC-0994,MBR RO Plant,,,,Havmor,Ready to Deploy,,
,,,Treated Water Tank - Air Blower-1,Treated Water Tank - Air Blower-1,MBR-Air Blower-Utility Area,N/A,TWTAB1,N/A,HVM-ELC-0995,MBR RO Plant,,,,Havmor,Ready to Deploy,,
,,,Treated Water Tank - Air Blower-2,Treated Water Tank - Air Blower-2,MBR-Air Blower-Utility Area,N/A,TWTAB2,N/A,HVM-ELC-0996,MBR RO Plant,,,,Havmor,Ready to Deploy,,
,,,MBR Permit Pump 1,MBR Permit Pump 1,MBR-Pump-Utility Area,N/A,MBRPP1,N/A,HVM-ELC-0997,MBR RO Plant,,,,Havmor,Ready to Deploy,,
,,,MBR Permit Pump 2,MBR Permit Pump 2,MBR-Pump-Utility Area,N/A,MBRPP2,N/A,HVM-ELC-0998,MBR RO Plant,,,,Havmor,Ready to Deploy,,
,,,MBR Backwash Pump,MBR Backwash Pump,MBR-Pump-Utility Area,N/A,MBRBP1,N/A,HVM-ELC-0999,MBR RO Plant,,,,Havmor,Ready to Deploy,,
,,,MBR RAS Pump 1,MBR RAS Pump 1,MBR-Pump-Utility Area,N/A,RASP1,N/A,HVM-ELC-1000,MBR RO Plant,,,,Havmor,Ready to Deploy,,
,,,MBR RAS Pump 2,MBR RAS Pump 2,MBR-Pump-Utility Area,N/A,RASP2,N/A,HVM-ELC-1001,MBR RO Plant,,,,Havmor,Ready to Deploy,,
,,,RO:1 Feed Pump 1,RO:1 Feed Pump 1,MBR-Pump-Utility Area,N/A,RO1FP1,N/A,HVM-ELC-1002,MBR RO Plant,,,,Havmor,Ready to Deploy,,
,,,RO:1 Feed Pump 2,RO:1 Feed Pump 2,MBR-Pump-Utility Area,N/A,RO1FP2,N/A,HVM-ELC-1003,MBR RO Plant,,,,Havmor,Ready to Deploy,,
,,,RO:2 Feed Pump 1,RO:2 Feed Pump 1,MBR-Pump-Utility Area,N/A,RO2FP1,N/A,HVM-ELC-1004,MBR RO Plant,,,,Havmor,Ready to Deploy,,
,,,RO:2 Feed Pump 2,RO:2 Feed Pump 2,MBR-Pump-Utility Area,N/A,RO2FP2,N/A,HVM-ELC-1005,MBR RO Plant,,,,Havmor,Ready to Deploy,,
,,,STP-Air Blower 1,STP-Air Blower 1,STP-Air Blower-Utility Area,N/A,STAB1,N/A,HVM-ELC-1006,STP Plant,,,,Havmor,Ready to Deploy,,
,,,STP-Air Blower 2,STP-Air Blower 2,STP-Air Blower-Utility Area,N/A,STAB2,N/A,HVM-ELC-1007,STP Plant,,,,Havmor,Ready to Deploy,,
,,,STP Feed Pump 1,STP Feed Pump 1,STP-Pump-Utility Area,N/A,STPFP1,N/A,HVM-ELC-1008,STP Plant,,,,Havmor,Ready to Deploy,,
,,,STP Feed Pump 2,STP Feed Pump 2,STP-Pump-Utility Area,N/A,STPFP2,N/A,HVM-ELC-1009,STP Plant,,,,Havmor,Ready to Deploy,,
,,,STP MBT Backwash Pump,STP MBT Backwash Pump,STP-Pump-Utility Area,N/A,STPMBTBP1,N/A,HVM-ELC-1010,STP Plant,,,,Havmor,Ready to Deploy,,
,,,STP RAS Pump 1,STP RAS Pump 1,STP-Pump-Utility Area,N/A,STPRP1,N/A,HVM-ELC-1011,STP Plant,,,,Havmor,Ready to Deploy,,
,,,STP RAS Pump 2,STP RAS Pump 2,STP-Pump-Utility Area,N/A,STPRP2,N/A,HVM-ELC-1012,STP Plant,,,,Havmor,Ready to Deploy,,
,,,STP Permit Pump 1,STP Permit Pump 1,STP-Pump-Utility Area,N/A,STPPP1,N/A,HVM-ELC-1013,STP Plant,,,,Havmor,Ready to Deploy,,
,,,STP Permit Pump 2,STP Permit Pump 2,STP-Pump-Utility Area,N/A,STPPP2,N/A,HVM-ELC-1014,STP Plant,,,,Havmor,Ready to Deploy,,
,,,MBRROP-1 Logsheet,MBR RO Plant-1 Logsheet,MBR RO-Utility Area,N/A,MBROP1_LS,N/A,HVM-ELC-1015,MBR RO Plant,,,,Havmor,Ready to Deploy,,
,,,MBRROP-2 Logsheet,MBR RO Plant-2 Logsheet,MBR RO-Utility Area,N/A,MBROP2_LS,N/A,HVM-ELC-1016,MBR RO Plant,,,,Havmor,Ready to Deploy,,
,,,MBRRO Logsheet,MBR RO Logsheet,MBR RO-Utility Area,N/A,MBRO_LS,N/A,HVM-ELC-1017,MBR RO Plant,,,,Havmor,Ready to Deploy,,
,,,MBRROP Report-Shift I,MBR RO Plant Report-Shift I,MBR RO-Utility Area,N/A,MBRROPRSI,N/A,HVM-ELC-1018,MBR RO Plant,,,,Havmor,Ready to Deploy,,
,,,MBRROP Report-Shift II,MBR RO Plant Report-Shift II,MBR RO-Utility Area,N/A,MBRROPRSII,N/A,HVM-ELC-1019,MBR RO Plant,,,,Havmor,Ready to Deploy,,
,,,MBRROP Report-Shift III,MBR RO Plant Report-Shift III,MBR RO-Utility Area,N/A,MBRROPRSIII,N/A,HVM-ELC-1020,MBR RO Plant,,,,Havmor,Ready to Deploy,,
,,,MBRROP Operational Data Shift I,MBR RO Plant Operational Data Shift I,MBR RO-Utility Area,N/A,MBROPLODSI,N/A,HVM-ELC-1021,MBR RO Plant,,,,Havmor,Ready to Deploy,,
,,,MBRROP Operational Data Shift II,MBR RO Plant Operational Data Shift II,MBR RO-Utility Area,N/A,MBROPLODSII,N/A,HVM-ELC-1022,MBR RO Plant,,,,Havmor,Ready to Deploy,,
,,,MBRROP Operational Data Shift III,MBR RO Plant Operational Data Shift III,MBR RO-Utility Area,N/A,MBROPLODSIII,N/A,HVM-ELC-1023,MBR RO Plant,,,,Havmor,Ready to Deploy,,
,,,MBRROP Chemical Consumtion Report Shift I,MBR RO Plant Chemical Consumtion Report Shift I,MBR RO-Utility Area,N/A,MBROPCCRSI,N/A,HVM-ELC-1024,MBR RO Plant,,,,Havmor,Ready to Deploy,,
,,,MBRROP Chemical Consumtion Report Shift II,MBR RO Plant Chemical Consumtion Report Shift II,MBR RO-Utility Area,N/A,MBROPCCRSII,N/A,HVM-ELC-1025,MBR RO Plant,,,,Havmor,Ready to Deploy,,
,,,MBRROP Chemical Consumtion Report Shift III,MBR RO Plant Chemical Consumtion Report Shift III,MBR RO-Utility Area,N/A,MBROPCCRSIII,N/A,HVM-ELC-1026,MBR RO Plant,,,,Havmor,Ready to Deploy,,
,,,WLT Logsheet,WLT Logsheet,MBR RO-Utility Area,N/A,WLT_LS,N/A,HVM-ELC-1027,MBR RO Plant,,,,Havmor,Ready to Deploy,,
,,,Treated Water Tank - Water Analysis Report,Treated Water Tank - Water Analysis Report,MBR RO-Utility Area,N/A,TWTWAR,N/A,HVM-ELC-1028,MBR RO Plant,,,,Havmor,Ready to Deploy,,
,,,Aeration Tank - Water Analysis Report,Aeration Tank - Water Analysis Report,MBR RO-Utility Area,N/A,ATWAR,N/A,HVM-ELC-1029,MBR RO Plant,,,,Havmor,Ready to Deploy,,
,,,MBR Tank - Water Analysis Report,MBR Tank - Water Analysis Report,MBR RO-Utility Area,N/A,MBRTWAR,N/A,HVM-ELC-1030,MBR RO Plant,,,,Havmor,Ready to Deploy,,
,,,MBR Permeate Pump Outlet - Water Analysis Report,MBR Permeate Pump Outlet - Water Analysis Report,MBR RO-Utility Area,N/A,MBRPPOWAR,N/A,HVM-ELC-1031,MBR RO Plant,,,,Havmor,Ready to Deploy,,
,,,PR Logsheet-1,Plant Room Logsheet-1,RFM-Utility Area,N/A,PRLS_1,N/A,HVM-ELC-1032,Refrigeration Plant,,,,Havmor,Ready to Deploy,,
,,,PR Logsheet-2,Plant Room Logsheet-2,RFM-Utility Area,N/A,PRLS_2,N/A,HVM-ELC-1033,Refrigeration Plant,,,,Havmor,Ready to Deploy,,
,,,RPCURH,Refrigeration Plant Cold Unit Running Hours,Refrigeration Plant Cold Unit-Utility Area,N/A,RPCURH_1,N/A,HVM-ELC-1034,Refrigeration Plant,,,,Havmor,Ready to Deploy,,
,,,GF-Freezer-1,GF-Freezer-1,RFM GF Freezer-Utility Area,N/A,GFF1,N/A,HVM-ELC-1035,GF-RFM Plant,,,,Havmor,Ready to Deploy,,
,,,GF-Freezer-2,GF-Freezer-2,RFM GF Freezer-Utility Area,N/A,GFF2,N/A,HVM-ELC-1036,GF-RFM Plant,,,,Havmor,Ready to Deploy,,
,,,GF-Freezer-3,GF-Freezer-3,RFM GF Freezer-Utility Area,N/A,GFF3,N/A,HVM-ELC-1037,GF-RFM Plant,,,,Havmor,Ready to Deploy,,
,,,GF-Freezer-4,GF-Freezer-4,RFM GF Freezer-Utility Area,N/A,GFF4,N/A,HVM-ELC-1038,GF-RFM Plant,,,,Havmor,Ready to Deploy,,
,,,GF-Freezer-5,GF-Freezer-5,RFM GF Freezer-Utility Area,N/A,GFF5,N/A,HVM-ELC-1039,GF-RFM Plant,,,,Havmor,Ready to Deploy,,
,,,GF-Freezer-6,GF-Freezer-6,RFM GF Freezer-Utility Area,N/A,GFF6,N/A,HVM-ELC-1040,GF-RFM Plant,,,,Havmor,Ready to Deploy,,
,,,GF-Freezer-7,GF-Freezer-7,RFM GF Freezer-Utility Area,N/A,GFF7,N/A,HVM-ELC-1041,GF-RFM Plant,,,,Havmor,Ready to Deploy,,
,,,GF-Freezer-8,GF-Freezer-8,RFM GF Freezer-Utility Area,N/A,GFF8,N/A,HVM-ELC-1042,GF-RFM Plant,,,,Havmor,Ready to Deploy,,
,,,GF-Freezer-9,GF-Freezer-9,RFM GF Freezer-Utility Area,N/A,GFF9,N/A,HVM-ELC-1043,GF-RFM Plant,,,,Havmor,Ready to Deploy,,
,,,GF-Freezer-10,GF-Freezer-10,RFM GF Freezer-Utility Area,N/A,GFF10,N/A,HVM-ELC-1044,GF-RFM Plant,,,,Havmor,Ready to Deploy,,
,,,GF-Cold Storage-1,GF-Cold Storage-1,RFM GF Cold Storage-Utility Area,N/A,GFCS1,N/A,HVM-ELC-1045,GF-RFM Plant,,,,Havmor,Ready to Deploy,,
,,,GF-Cold Storage-2,GF-Cold Storage-2,RFM GF Cold Storage-Utility Area,N/A,GFCS2,N/A,HVM-ELC-1046,GF-RFM Plant,,,,Havmor,Ready to Deploy,,
,,,GF-Cold Storage-3,GF-Cold Storage-3,RFM GF Cold Storage-Utility Area,N/A,GFCS3,N/A,HVM-ELC-1047,GF-RFM Plant,,,,Havmor,Ready to Deploy,,
,,,GF-Cold Storage-4,GF-Cold Storage-4,RFM GF Cold Storage-Utility Area,N/A,GFCS4,N/A,HVM-ELC-1048,GF-RFM Plant,,,,Havmor,Ready to Deploy,,
,,,GF-Butter Cold Storage,GF-Butter Cold Storage,RFM GF Cold Storage-Utility Area,N/A,BFBCS1,N/A,HVM-ELC-1049,GF-RFM Plant,,,,Havmor,Ready to Deploy,,
,,,GF-RM Cold Storage,GF-RM Cold Storage,RFM GF Cold Storage-Utility Area,N/A,GFRMCS1,N/A,HVM-ELC-1050,GF-RFM Plant,,,,Havmor,Ready to Deploy,,
,,,GF-Cold Storage Novelty-1,GF-Cold Storage Novelty-1,RFM GF Cold Storage-Utility Area,N/A,GFCSN1,N/A,HVM-ELC-1051,GF-RFM Plant,,,,Havmor,Ready to Deploy,,
,,,GF-Cold Storage Novelty-2,GF-Cold Storage Novelty-2,RFM GF Cold Storage-Utility Area,N/A,GFCSN2,N/A,HVM-ELC-1052,GF-RFM Plant,,,,Havmor,Ready to Deploy,,
,,,GF-Hardening Tunnel,GF-Hardening Tunnel,RFM GF Cold Storage-Utility Area,N/A,HT1_GF,N/A,HVM-ELC-1053,GF-RFM Plant,,,,Havmor,Ready to Deploy,,
,,,GF-Spiral Hardening Tunnel-1,GF-Spiral Hardening Tunnel-1,RFM GF Cold Storage-Utility Area,N/A,GFSHT1,N/A,HVM-ELC-1054,GF-RFM Plant,,,,Havmor,Ready to Deploy,,
,,,GF-Spiral Hardening Tunnel-2,GF-Spiral Hardening Tunnel-2,RFM GF Cold Storage-Utility Area,N/A,GFSHT2,N/A,HVM-ELC-1055,GF-RFM Plant,,,,Havmor,Ready to Deploy,,
,,,GF-Hardening Tunnel Novelty,GF-Hardening Tunnel Novelty,RFM GF Cold Storage-Utility Area,N/A,GFHTN1,N/A,HVM-ELC-1056,GF-RFM Plant,,,,Havmor,Ready to Deploy,,
,,,GF-Extrusion Hardening,GF-Extrusion Hardening,RFM GF Cold Storage-Utility Area,N/A,GFEH1,N/A,HVM-ELC-1057,GF-RFM Plant,,,,Havmor,Ready to Deploy,,
,,,GF-RFM Plant Room,GF-RFM Plant Room,RFM GF Cold Storage-Utility Area,N/A,GFRMPR,N/A,HVM-ELC-1058,GF-RFM Plant,,,,Havmor,Ready to Deploy,,
,,,GF-HP Receiver,GF-HP Receiver,RFM GF Cold Storage-Utility Area,N/A,GFHR1,N/A,HVM-ELC-1059,GF-RFM Plant,,,,Havmor,Ready to Deploy,,
,,,GF-Condenser,GF-Condenser,RFM GF Cold Storage-Utility Area,N/A,GFC1,N/A,HVM-ELC-1060,GF-RFM Plant,,,,Havmor,Ready to Deploy,,
,,,GF-Candy Chiller-1,GF-Candy Chiller-1,RFM GF Cold Storage-Utility Area,N/A,GFCC1,N/A,HVM-ELC-1061,GF-RFM Plant,,,,Havmor,Ready to Deploy,,
,,,GF-Candy Chiller-2,GF-Candy Chiller-2,RFM GF Cold Storage-Utility Area,N/A,GFCC2,N/A,HVM-ELC-1062,GF-RFM Plant,,,,Havmor,Ready to Deploy,,
,,,FF-Freezer-1,FF-Freezer-1,RFM FF Freezer-Utility Area,N/A,F1_FF,N/A,HVM-ELC-1063,FF-RFM Plant,,,,Havmor,Ready to Deploy,,
,,,FF-Freezer-2,FF-Freezer-2,RFM FF Freezer-Utility Area,N/A,F2_FF,N/A,HVM-ELC-1064,FF-RFM Plant,,,,Havmor,Ready to Deploy,,
,,,FF-Freezer-3,FF-Freezer-3,RFM FF Freezer-Utility Area,N/A,F3_FF,N/A,HVM-ELC-1065,FF-RFM Plant,,,,Havmor,Ready to Deploy,,
,,,FF-Freezer-4,FF-Freezer-4,RFM FF Freezer-Utility Area,N/A,F4_FF,N/A,HVM-ELC-1066,FF-RFM Plant,,,,Havmor,Ready to Deploy,,
,,,FF-Freezer-5,FF-Freezer-5,RFM FF Freezer-Utility Area,N/A,F5_FF,N/A,HVM-ELC-1067,FF-RFM Plant,,,,Havmor,Ready to Deploy,,
,,,FF-Freezer-6,FF-Freezer-6,RFM FF Freezer-Utility Area,N/A,F6_FF,N/A,HVM-ELC-1068,FF-RFM Plant,,,,Havmor,Ready to Deploy,,
,,,FF-Freezer-7,FF-Freezer-7,RFM FF Freezer-Utility Area,N/A,F7_FF,N/A,HVM-ELC-1069,FF-RFM Plant,,,,Havmor,Ready to Deploy,,
,,,FF-Freezer-8,FF-Freezer-8,RFM FF Freezer-Utility Area,N/A,F8_FF,N/A,HVM-ELC-1070,FF-RFM Plant,,,,Havmor,Ready to Deploy,,
,,,FF-Freezer-9,FF-Freezer-9,RFM FF Freezer-Utility Area,N/A,F9_FF,N/A,HVM-ELC-1071,FF-RFM Plant,,,,Havmor,Ready to Deploy,,
,,,FF-Freezer-10,FF-Freezer-10,RFM FF Freezer-Utility Area,N/A,F10_FF,N/A,HVM-ELC-1072,FF-RFM Plant,,,,Havmor,Ready to Deploy,,
,,,FF-Freezer-11,FF-Freezer-11,RFM FF Freezer-Utility Area,N/A,F11_FF,N/A,HVM-ELC-1073,FF-RFM Plant,,,,Havmor,Ready to Deploy,,
,,,FF-Cold Storage-5,FF-Cold Storage-5,RFM FF Cold Storage-Utility Area,N/A,FFCS5,N/A,HVM-ELC-1074,FF-RFM Plant,,,,Havmor,Ready to Deploy,,
,,,FF-Cold Storage-6,FF-Cold Storage-6,RFM FF Cold Storage-Utility Area,N/A,FFCS6,N/A,HVM-ELC-1075,FF-RFM Plant,,,,Havmor,Ready to Deploy,,
,,,FF-Hardening Tunnel,FF-Hardening Tunnel,RFM FF Cold Storage-Utility Area,N/A,HT1_FF,N/A,HVM-ELC-1076,FF-RFM Plant,,,,Havmor,Ready to Deploy,,
,,,FF-Spiral Hardening Tunnel-3,FF-Spiral Hardening Tunnel-3,RFM FF Cold Storage-Utility Area,N/A,FFSHT3,N/A,HVM-ELC-1077,FF-RFM Plant,,,,Havmor,Ready to Deploy,,
,,,FF-Spiral Hardening Tunnel-4,FF-Spiral Hardening Tunnel-4,RFM FF Cold Storage-Utility Area,N/A,FFSHT4,N/A,HVM-ELC-1078,FF-RFM Plant,,,,Havmor,Ready to Deploy,,
,,,FF-Candy Chiller-3,FF-Candy Chiller-3,RFM FF Cold Storage-Utility Area,N/A,FFCC3,N/A,HVM-ELC-1079,FF-RFM Plant,,,,Havmor,Ready to Deploy,,
,,,MFPA-Cold Room 1,Mezzanine Floor Piping Area-Cold Room 1,RFM FF Cold Storage-Utility Area,N/A,MFPACR_1,N/A,HVM-ELC-1080,Mezzanine Fl-RFM Plant,,,,Havmor,Ready to Deploy,,
,,,MFPA-Cold Room 4,Mezzanine Floor Piping Area-Cold Room 4,RFM FF Cold Storage-Utility Area,N/A,MFPACR_4,N/A,HVM-ELC-1081,Mezzanine Fl-RFM Plant,,,,Havmor,Ready to Deploy,,
,,,GF-Production Area-Freezer No: 4,GF-Production Area-Freezer No: 4,RFM Freezer-Utility Area,N/A,GFPAFN4,N/A,HVM-ELC-1082,GF-RFM Plant,,,,Havmor,Ready to Deploy,,
,,,GF-Production Area-Freezer No: 5,GF-Production Area-Freezer No: 5,RFM Freezer-Utility Area,N/A,GFPAFN5,N/A,HVM-ELC-1082,GF-RFM Plant,,,,Havmor,Ready to Deploy,,
,,,RPR: LP Receiver,Refrigeration Plant Room: LP Receiver,Refrigeration Plant Room-Utility Area,N/A,RPRLPR,N/A,HVM-ELC-1083,RFM Plant-Regrigeration Plant Room,,,,Havmor,Ready to Deploy,,
,,,RPR: HP Receiver Area,Refrigeration Plant Room: HP Receiver Area,Refrigeration Plant Room-Utility Area,N/A,RPRHPRA,N/A,HVM-ELC-1084,RFM Plant-Regrigeration Plant Room,,,,Havmor,Ready to Deploy,,
,,,FF-On HT,First Floor - On HT,RFM Plant Room Unit-Utility Area,N/A,FFONHT,N/A,HVM-ELC-1085,FF-RFM Plant,,,,Havmor,Ready to Deploy,,
,,,FF-On Freezer: 3 &4,First Floor - On Freezer: 3 &4,RFM Plant Room Unit-Utility Area,N/A,FFOF3&4,N/A,HVM-ELC-1086,FF-RFM Plant,,,,Havmor,Ready to Deploy,,
,,,FF-China Cone Freezer,First Floor - China Cone Freezer,RFM Plant Room Unit-Utility Area,N/A,FFCCF,N/A,HVM-ELC-1087,FF-RFM Plant,,,,Havmor,Ready to Deploy,,
,,,Plant Room-1,Plant Room-1,RFM Plant Room Unit-Utility Area,N/A,PR1,N/A,HVM-ELC-1088,FRM-Plant,,,,Havmor,Ready to Deploy,,
,,,Plant Room-2,Plant Room-2,RFM Plant Room Unit-Utility Area,N/A,PR2,N/A,HVM-ELC-1089,FRM-Plant,,,,Havmor,Ready to Deploy,,
,,,Plant Room-3,Plant Room-3,RFM Plant Room Unit-Utility Area,N/A,PR3,N/A,HVM-ELC-1090,FRM-Plant,,,,Havmor,Ready to Deploy,,
,,,Plant Room,Plant Room,RFM Plant Room Unit-Utility Area,N/A,PR,N/A,HVM-ELC-1091,FRM-Plant,,,,Havmor,Ready to Deploy,,
,,,GF-Production,GF-Production,RFM Plant Room Unit-Utility Area,N/A,GFP,N/A,HVM-ELC-1092,GF-RFM Plant,,,,Havmor,Ready to Deploy,,
,,,FF-Production,FF-Production,RFM Plant Room Unit-Utility Area,N/A,FFP,N/A,HVM-ELC-1093,FF-RFM Plant,,,,Havmor,Ready to Deploy,,
,,,Novelty Area,Novelty Area,RFM Plant Room Unit-Utility Area,N/A,NA_RFM,N/A,HVM-ELC-1094,RFM Plant,,,,Havmor,Ready to Deploy,,
,,,Compressor Cleaning,Compressor Cleaning,RFM Plant Room Unit-Utility Area,N/A,CC,N/A,HVM-ELC-1095,RFM Plant Room,,,,Havmor,Ready to Deploy,,
,,,Receiver Area Cleaning,Receiver Area Cleaning,RFM Plant Room Unit-Utility Area,N/A,RAC,N/A,HVM-ELC-1096,RFM Plant Room,,,,Havmor,Ready to Deploy,,
,,,Pipe Line Cleaning,Pipe Line Cleaning,RFM Plant Room Unit-Utility Area,N/A,PLC,N/A,HVM-ELC-1097,RFM Plant Room,,,,Havmor,Ready to Deploy,,
,,,CT Area Cleaning,CT Area Cleaning,RFM Plant Room Unit-Utility Area,N/A,CTAC,N/A,HVM-ELC-1098,RFM Plant Room,,,,Havmor,Ready to Deploy,,
,,,Cooling Tower Strainer,Cooling Tower Strainer,Plant Room PM-Utility Area,N/A,CTS,N/A,HVM-ELC-1099,RFM Plant Room,,,,Havmor,Ready to Deploy,,
,,,Chw Pump Strainer,Chw Pump Strainer,Plant Room PM-Utility Area,N/A,CPS,N/A,HVM-ELC-1100,RFM Plant Room,,,,Havmor,Ready to Deploy,,
,,,Brine Tank Strainer,Brine Tank Strainer,Plant Room PM-Utility Area,N/A,BTS,N/A,HVM-ELC-1101,RFM Plant Room,,,,Havmor,Ready to Deploy,,
,,,Cooling Tower Spray Nozzle,Cooling Tower Spray Nozzle,Plant Room PM-Utility Area,N/A,CTSN,N/A,HVM-ELC-1102,RFM Plant Room,,,,Havmor,Ready to Deploy,,
,,,CT Water Blowdown,CT Water Blowdown,Plant Room PM-Utility Area,N/A,CTWB,N/A,HVM-ELC-1103,RFM Plant Room,,,,Havmor,Ready to Deploy,,
,,,CT Pump Gland,CT Pump Gland,Plant Room PM-Utility Area,N/A,CTPG,N/A,HVM-ELC-1104,RFM Plant Room,,,,Havmor,Ready to Deploy,,
,,,Chw Pump Gland,Chw Pump Gland,Plant Room PM-Utility Area,N/A,CPG,N/A,HVM-ELC-1105,RFM Plant Room,,,,Havmor,Ready to Deploy,,
,,,Brine Pump Gland,Brine Pump Gland,Plant Room PM-Utility Area,N/A,BPG,N/A,HVM-ELC-1106,RFM Plant Room,,,,Havmor,Ready to Deploy,,
,,,Liquid Pump,Liquid Pump,Plant Room PM-Utility Area,N/A,LP,N/A,HVM-ELC-1107,RFM Plant Room,,,,Havmor,Ready to Deploy,,
,,,CT Pump,CT Pump,Plant Room PM-Utility Area,N/A,CTP,N/A,HVM-ELC-1108,RFM Plant Room,,,,Havmor,Ready to Deploy,,
,,,Brine Pump,Brine Pump,Plant Room PM-Utility Area,N/A,BP,N/A,HVM-ELC-1109,RFM Plant Room,,,,Havmor,Ready to Deploy,,
,,,Cooling Tower Loovers,Cooling Tower Loovers,Plant Room PM-Utility Area,N/A,CTL,N/A,HVM-ELC-1110,RFM Plant Room,,,,Havmor,Ready to Deploy,,
,,,Cooling Tower Fan Belts,Cooling Tower Fan Belts,Plant Room PM-Utility Area,N/A,CTFB,N/A,HVM-ELC-1111,RFM Plant Room,,,,Havmor,Ready to Deploy,,
,,,CT Area Lighting,CT Area Lighting,Plant Room PM-Utility Area,N/A,CTAL,N/A,HVM-ELC-1112,RFM Plant Room,,,,Havmor,Ready to Deploy,,
,,,GF - Cold Storage-1,GF - Cold Storage-1,RFM Door & Window-Utility Area,N/A,GF_CS1,N/A,HVM-ELC-1113,GF-RFM Plant,,,,Havmor,Ready to Deploy,,
,,,GF - Cold Storage-2,GF - Cold Storage-2,RFM Door & Window-Utility Area,N/A,GF_CS2,N/A,HVM-ELC-1114,GF-RFM Plant,,,,Havmor,Ready to Deploy,,
,,,GF - Cold Storage-3,GF - Cold Storage-3,RFM Door & Window-Utility Area,N/A,GF_CS3,N/A,HVM-ELC-1115,GF-RFM Plant,,,,Havmor,Ready to Deploy,,
,,,GF - Cold Storage-4,GF - Cold Storage-4,RFM Door & Window-Utility Area,N/A,GF_CS4,N/A,HVM-ELC-1116,GF-RFM Plant,,,,Havmor,Ready to Deploy,,
,,,GF - Dispatch Door & Windows,GF - Dispatch Door & Windows,RFM Door & Window-Utility Area,N/A,GF_D,N/A,HVM-ELC-1117,GF-RFM Plant,,,,Havmor,Ready to Deploy,,
,,,GF - Anty Rooms,GF - Anty Rooms,RFM Door & Window-Utility Area,N/A,GF_AR,N/A,HVM-ELC-1118,GF-RFM Plant,,,,Havmor,Ready to Deploy,,
,,,FF - Cold Storage-5,FF - Cold Storage-5,RFM Door & Window-Utility Area,N/A,FF_CS5,N/A,HVM-ELC-1119,FF-RFM Plant,,,,Havmor,Ready to Deploy,,
,,,FF - Cold Storage-6,FF - Cold Storage-6,RFM Door & Window-Utility Area,N/A,FF_CS6,N/A,HVM-ELC-1120,FF-RFM Plant,,,,Havmor,Ready to Deploy,,
,,,FF - Anty Rooms,FF - Anty Rooms,RFM Door & Window-Utility Area,N/A,FF_AR,N/A,HVM-ELC-1121,FF-RFM Plant,,,,Havmor,Ready to Deploy,,
,,,GF - Hardening Tunnel,GF - Hardening Tunnel,RFM Door & Window-Utility Area,N/A,GF_HT,N/A,HVM-ELC-1122,GF-RFM Plant,,,,Havmor,Ready to Deploy,,
,,,GF - Spiral Hardening No. 1,GF - Spiral Hardening No. 1,RFM Door & Window-Utility Area,N/A,GF_SH1,N/A,HVM-ELC-1123,GF-RFM Plant,,,,Havmor,Ready to Deploy,,
,,,GF - Spiral Hardening No. 2,GF - Spiral Hardening No. 2,RFM Door & Window-Utility Area,N/A,GF_SH2,N/A,HVM-ELC-1124,GF-RFM Plant,,,,Havmor,Ready to Deploy,,
,,,GF - Extrusion Hardening Tunnel,GF - Extrusion Hardening Tunnel,RFM Door & Window-Utility Area,N/A,GF_EHT_GF,N/A,HVM-ELC-1125,GF-RFM Plant,,,,Havmor,Ready to Deploy,,
,,,FF - Hardening Tunnel,FF - Hardening Tunnel,RFM Door & Window-Utility Area,N/A,FF_HT,N/A,HVM-ELC-1126,FF-RFM Plant,,,,Havmor,Ready to Deploy,,
,,,FF-Spiral Hardening No. 3,FF-Spiral Hardening No. 3,RFM Door & Window-Utility Area,N/A,FF_SHN3,N/A,HVM-ELC-1127,FF-RFM Plant,,,,Havmor,Ready to Deploy,,
,,,FF-Spiral Hardening No. 4,FF-Spiral Hardening No. 4,RFM Door & Window-Utility Area,N/A,FF_SHN4,N/A,HVM-ELC-1128,FF-RFM Plant,,,,Havmor,Ready to Deploy,,
,,,FF-Butter Cold Storage,FF-Butter Cold Storage,RFM Door & Window-Utility Area,N/A,FF_BCS,N/A,HVM-ELC-1129,FF-RFM Plant,,,,Havmor,Ready to Deploy,,
,,,FF-RM Cold Storage,FF-RM Cold Storage,RFM Door & Window-Utility Area,N/A,FF_RMCS,N/A,HVM-ELC-1130,FF-RFM Plant,,,,Havmor,Ready to Deploy,,
,,,Nty-Hardening Tunnel,Novelty-Hardening Tunnel,RFM Door & Window-Utility Area,N/A,N_HT,N/A,HVM-ELC-1131,RFM Plant-Novelty,,,,Havmor,Ready to Deploy,,
,,,Nty-Cold Storage,Novelty-Cold Storage,RFM Door & Window-Utility Area,N/A,N_CS,N/A,HVM-ELC-1132,RFM Plant-Novelty,,,,Havmor,Ready to Deploy,,
,,,Nty-Air Dryer,Novelty-Air Dryer,RFM Door & Window-Utility Area,N/A,N_AD,N/A,HVM-ELC-1133,RFM Plant-Novelty,,,,Havmor,Ready to Deploy,,
,,,Cooling Tower 1,Cooling Tower 1,Cooling Tower-Utility Area,N/A,CT1,N/A,HVM-ELC-1134,RFM Regrigeration Plant Room,,,,Havmor,Ready to Deploy,,
,,,Cooling Tower 2,Cooling Tower 2,Cooling Tower-Utility Area,N/A,CT2,N/A,HVM-ELC-1135,RFM Regrigeration Plant Room,,,,Havmor,Ready to Deploy,,
,,,Cooling Tower 3,Cooling Tower 3,Cooling Tower-Utility Area,N/A,CT3,N/A,HVM-ELC-1136,RFM Regrigeration Plant Room,,,,Havmor,Ready to Deploy,,
,,,Cooling Tower 4,Cooling Tower 4,Cooling Tower-Utility Area,N/A,CT4,N/A,HVM-ELC-1137,RFM Regrigeration Plant Room,,,,Havmor,Ready to Deploy,,
,,,Evaporative Condensor 5,Evaporative Condensor 5,Cooling Tower-Utility Area,N/A,EC5,N/A,HVM-ELC-1138,RFM Regrigeration Plant Room,,,,Havmor,Ready to Deploy,,
,,,Evaporative Condensor 6,Evaporative Condensor 6,Cooling Tower-Utility Area,N/A,EC6,N/A,HVM-ELC-1139,RFM Regrigeration Plant Room,,,,Havmor,Ready to Deploy,,
,,,Evaporative Condensor 7,Evaporative Condensor 7,Cooling Tower-Utility Area,N/A,EC7,N/A,HVM-ELC-1140,RFM Regrigeration Plant Room,,,,Havmor,Ready to Deploy,,
,,,Evaporative Condensor 8,Evaporative Condensor 8,Cooling Tower-Utility Area,N/A,EC8,N/A,HVM-ELC-1141,RFM Regrigeration Plant Room,,,,Havmor,Ready to Deploy,,
,,,Evaporative Condensor 9,Evaporative Condensor 9,Cooling Tower-Utility Area,N/A,EC9,N/A,HVM-ELC-1142,RFM Regrigeration Plant Room,,,,Havmor,Ready to Deploy,,
,,,Cooling Tower Pump 1,Cooling Tower Pump 1,Cooling Tower-Utility Area,N/A,CTP1,N/A,HVM-ELC-1143,RFM Regrigeration Plant Room,,,,Havmor,Ready to Deploy,,
,,,Cooling Tower Pump 2,Cooling Tower Pump 2,Cooling Tower-Utility Area,N/A,CTP2,N/A,HVM-ELC-1144,RFM Regrigeration Plant Room,,,,Havmor,Ready to Deploy,,
,,,Cooling Tower Pump 3,Cooling Tower Pump 3,Cooling Tower-Utility Area,N/A,CTP3,N/A,HVM-ELC-1145,RFM Regrigeration Plant Room,,,,Havmor,Ready to Deploy,,
,,,Cooling Tower Pump 4,Cooling Tower Pump 4,Cooling Tower-Utility Area,N/A,CTP4,N/A,HVM-ELC-1146,RFM Regrigeration Plant Room,,,,Havmor,Ready to Deploy,,
,,,E.C.-5 Pump 5,E.C.-5 Pump 5,Cooling Tower-Utility Area,N/A,EC5_P5,N/A,HVM-ELC-1147,RFM Regrigeration Plant Room,,,,Havmor,Ready to Deploy,,
,,,E.C.-6 Pump 6,E.C.-6 Pump 6,Cooling Tower-Utility Area,N/A,EC6_P6,N/A,HVM-ELC-1148,RFM Regrigeration Plant Room,,,,Havmor,Ready to Deploy,,
,,,E.C.-7 Pump 7,E.C.-7 Pump 7,Cooling Tower-Utility Area,N/A,EC7_P7,N/A,HVM-ELC-1149,RFM Regrigeration Plant Room,,,,Havmor,Ready to Deploy,,
,,,E.C.-8 Pump 8,E.C.-8 Pump 8,Cooling Tower-Utility Area,N/A,EC8_P8,N/A,HVM-ELC-1150,RFM Regrigeration Plant Room,,,,Havmor,Ready to Deploy,,
,,,E.C.-9 Pump 9,E.C.-9 Pump 9,Cooling Tower-Utility Area,N/A,EC9_P9,N/A,HVM-ELC-1151,RFM Regrigeration Plant Room,,,,Havmor,Ready to Deploy,,
,,,PHE Condenser 1,PHE Condenser 1,PHE Condenser-Utility Area,N/A,PHECS1,N/A,HVM-ELC-1152,RFM Regrigeration Plant Room,,,,Havmor,Ready to Deploy,,
,,,PHE Condensor 2,PHE Condensor 2,PHE Condenser-Utility Area,N/A,PHECS2,N/A,HVM-ELC-1153,RFM Regrigeration Plant Room,,,,Havmor,Ready to Deploy,,
,,,PHE Condensor 3,PHE Condensor 3,PHE Condenser-Utility Area,N/A,PHECS3,N/A,HVM-ELC-1154,RFM Regrigeration Plant Room,,,,Havmor,Ready to Deploy,,
,,,PHE Cond. Desuperheater,PHE Cond. Desuperheater,PHE Condenser-Utility Area,N/A,PHECD,N/A,HVM-ELC-1155,RFM Regrigeration Plant Room,,,,Havmor,Ready to Deploy,,
,,,PHE of High Stage 1,PHE of High Stage 1,PHE Condenser-Utility Area,N/A,PHEHS1,N/A,HVM-ELC-1156,RFM Regrigeration Plant Room,,,,Havmor,Ready to Deploy,,
,,,PHE of High Stage 2,PHE of High Stage 2,PHE Condenser-Utility Area,N/A,PHEHS2,N/A,HVM-ELC-1157,RFM Regrigeration Plant Room,,,,Havmor,Ready to Deploy,,
,,,PHE of High Stage 3,PHE of High Stage 3,PHE Condenser-Utility Area,N/A,PHEHS3,N/A,HVM-ELC-1158,RFM Regrigeration Plant Room,,,,Havmor,Ready to Deploy,,
,,,PHE of High Stage 5,PHE of High Stage 5,PHE Condenser-Utility Area,N/A,PHEHS5,N/A,HVM-ELC-1159,RFM Regrigeration Plant Room,,,,Havmor,Ready to Deploy,,
,,,PHE of High Stage 6,PHE of High Stage 6,PHE Condenser-Utility Area,N/A,PHEHS6,N/A,HVM-ELC-1160,RFM Regrigeration Plant Room,,,,Havmor,Ready to Deploy,,
,,,PHE of High Stage 7,PHE of High Stage 7,PHE Condenser-Utility Area,N/A,PHEHS7,N/A,HVM-ELC-1161,RFM Regrigeration Plant Room,,,,Havmor,Ready to Deploy,,
,,,PHE of Booster Comp. 1,PHE of Booster Comp. 1,PHE Condenser-Utility Area,N/A,PHEBC1,N/A,HVM-ELC-1162,RFM Regrigeration Plant Room,,,,Havmor,Ready to Deploy,,
,,,PHE of Booster Comp. 2,PHE of Booster Comp. 2,PHE Condenser-Utility Area,N/A,PHEBC2,N/A,HVM-ELC-1163,RFM Regrigeration Plant Room,,,,Havmor,Ready to Deploy,,
,,,PHE of Booster Comp. 3,PHE of Booster Comp. 3,PHE Condenser-Utility Area,N/A,PHEBC3,N/A,HVM-ELC-1164,RFM Regrigeration Plant Room,,,,Havmor,Ready to Deploy,,
,,,PHE of Booster Comp. 4,PHE of Booster Comp. 4,PHE Condenser-Utility Area,N/A,PHEBC4,N/A,HVM-ELC-1165,RFM Regrigeration Plant Room,,,,Havmor,Ready to Deploy,,
,,,PHE of Booster Comp. 5,PHE of Booster Comp. 5,PHE Condenser-Utility Area,N/A,PHEBC5,N/A,HVM-ELC-1166,RFM Regrigeration Plant Room,,,,Havmor,Ready to Deploy,,
,,,PHE of Booster Comp. 6,PHE of Booster Comp. 6,PHE Condenser-Utility Area,N/A,PHEBC6,N/A,HVM-ELC-1167,RFM Regrigeration Plant Room,,,,Havmor,Ready to Deploy,,
,,,FRC-1 Panel,FRC-1 Panel,RFM Panel-Utility Area,N/A,FRCP1,N/A,HVM-ELC-1168,RFM Plant,,,,Havmor,Ready to Deploy,,
,,,FRC-2 Panel,FRC-2 Panel,RFM Panel-Utility Area,N/A,FRCP2,N/A,HVM-ELC-1169,RFM Plant,,,,Havmor,Ready to Deploy,,
,,,FRC-3 Panel,FRC-3 Panel,RFM Panel-Utility Area,N/A,FRCP3,N/A,HVM-ELC-1170,RFM Plant,,,,Havmor,Ready to Deploy,,
,,,FRC-4 Panel,FRC-4 Panel,RFM Panel-Utility Area,N/A,FRCP4,N/A,HVM-ELC-1171,RFM Plant,,,,Havmor,Ready to Deploy,,
,,,FRC-5 Panel,FRC-5 Panel,RFM Panel-Utility Area,N/A,FRCP5,N/A,HVM-ELC-1172,RFM Plant,,,,Havmor,Ready to Deploy,,
,,,FRC-6 Panel,FRC-6 Panel,RFM Panel-Utility Area,N/A,FRCP6,N/A,HVM-ELC-1173,RFM Plant,,,,Havmor,Ready to Deploy,,
,,,FRC-7 Panel,FRC-7 Panel,RFM Panel-Utility Area,N/A,FRCP7,N/A,HVM-ELC-1174,RFM Plant,,,,Havmor,Ready to Deploy,,
,,,Fire Extinguisher Co2-4.5 KG,Fire Extinguisher Co2-4.5 KG,Fire Extinguisher-Utility Area,N/A,GFPR1,C-1,HVM-ELC-1175,GF-Plant Room-1,,31.01.2022,,Havmor,Ready to Deploy,,
,,,Fire Extinguisher Co2-4.5 KG,Fire Extinguisher Co2-4.5 KG,Fire Extinguisher-Utility Area,N/A,GFTA1,C-2,HVM-ELC-1176,GF-Transformer Area-1,,01.04.2022,,Havmor,Ready to Deploy,,
,,,Fire Extinguisher Co2-4.5 KG,Fire Extinguisher Co2-4.5 KG,Fire Extinguisher-Utility Area,N/A,GFTA2,C-3,HVM-ELC-1177,GF-Transformer Area-2,,22.03.2022,,Havmor,Ready to Deploy,,
,,,Fire Extinguisher Co2-4.5 KG,Fire Extinguisher Co2-4.5 KG,Fire Extinguisher-Utility Area,N/A,GFPR2,C-4,HVM-ELC-1178,GF-Plant Room-2,,01.04.2022,,Havmor,Ready to Deploy,,
,,,Fire Extinguisher Co2-4.5 KG,Fire Extinguisher Co2-4.5 KG,Fire Extinguisher-Utility Area,N/A,GFPAGIDC,C-5,HVM-ELC-1179,GF-Production Area-GIDC,,28.03.2022,,Havmor,Ready to Deploy,,
,,,Fire Extinguisher Co2-4.5 KG,Fire Extinguisher Co2-4.5 KG,Fire Extinguisher-Utility Area,N/A,GFMSEP,C-6,HVM-ELC-1180,GF-Mix Section (Elec Panel-1),,01.04.2022,,Havmor,Ready to Deploy,,
,,,Fire Extinguisher Co2-4.5 KG,Fire Extinguisher Co2-4.5 KG,Fire Extinguisher-Utility Area,N/A,GFAGAGIDC,C-7,HVM-ELC-1181,GF-Aging Vat Area-GIDC,,01.04.2022,,Havmor,Ready to Deploy,,
,,,Fire Extinguisher Co2-4.5 KG,Fire Extinguisher Co2-4.5 KG,Fire Extinguisher-Utility Area,N/A,GFMFPA,C-8,HVM-ELC-1182,GF-Mezzanine Fl Piping Area,,16.12.2021,,Havmor,Ready to Deploy,,
,,,Fire Extinguisher Co2-4.5 KG,Fire Extinguisher Co2-4.5 KG,Fire Extinguisher-Utility Area,N/A,GFBAGID,C-9,HVM-ELC-1183,GF-Boiler Area-GIDC,,16.03.2022,,Havmor,Ready to Deploy,,
,,,Fire Extinguisher Co2-4.5 KG,Fire Extinguisher Co2-4.5 KG,Fire Extinguisher-Utility Area,N/A,GFMGAGIDC,C-10,HVM-ELC-1184,GF-Main Gate Area-GIDC,,12.12.2021,,Havmor,Ready to Deploy,,
,,,Fire Extinguisher Co2-4.5 KG,Fire Extinguisher Co2-4.5 KG,Fire Extinguisher-Utility Area,N/A,GFPRPA,C-11,HVM-ELC-1185,GF-Plant Room-Panel Area,,01.04.2022,,Havmor,Ready to Deploy,,
,,,Fire Extinguisher Co2-4.5 KG,Fire Extinguisher Co2-4.5 KG,Fire Extinguisher-Utility Area,N/A,GFETPAGIDC,C-12,HVM-ELC-1186,GF-ETP Area-GIDC,,20.06.2022,,Havmor,Ready to Deploy,,
,,,Fire Extinguisher Co2-4.5 KG,Fire Extinguisher Co2-4.5 KG,Fire Extinguisher-Utility Area,N/A,GFHTA,C-13,HVM-ELC-1187,GF-High Tension Area,,06.06.2022,,Havmor,Ready to Deploy,,
,,,Fire Extinguisher Co2-4.5 KG,Fire Extinguisher Co2-4.5 KG,Fire Extinguisher-Utility Area,N/A,GFPOA,C-14,HVM-ELC-1188,GF-Production Offica Area,,06.06.2022,,Havmor,Ready to Deploy,,
,,,Fire Extinguisher Co2-4.5 KG,Fire Extinguisher Co2-4.5 KG,Fire Extinguisher-Utility Area,N/A,GFDAER,C-15,HVM-ELC-1189,GF-Dispatch-Entry Room,,12.10.2022,,Havmor,Ready to Deploy,,
,,,Fire Extinguisher Co2-4.5 KG,Fire Extinguisher Co2-4.5 KG,Fire Extinguisher-Utility Area,N/A,GFBE,C-16,HVM-ELC-1190,GF-Boiler-Entry,,26.11.2021,,Havmor,Ready to Deploy,,
,,,Fire Extinguisher Co2-4.5 KG,Fire Extinguisher Co2-4.5 KG,Fire Extinguisher-Utility Area,N/A,GFTA,C-17,HVM-ELC-1191,GF-Transformer Area-3,,19.01.2022,,Havmor,Ready to Deploy,,
,,,Fire Extinguisher Co2-4.5 KG,Fire Extinguisher Co2-4.5 KG,Fire Extinguisher-Utility Area,N/A,GFOA,C-19,HVM-ELC-1192,GF-Mix Office Area,,12.10.2022,,Havmor,Ready to Deploy,,
,,,Fire Extinguisher Co2-2 KG,Fire Extinguisher Co2-2 KG,Fire Extinguisher-Utility Area,N/A,GFMAEP,C-18,HVM-ELC-1193,GF-Mix Area (Elec Panel)-2,,12.10.2022,,Havmor,Ready to Deploy,,
,,,Fire Extinguisher ABC-1 KG,Fire Extinguisher ABC-1 KG,Fire Extinguisher-Utility Area,N/A,GFDOAGIDC,A-105,HVM-ELC-1194,GF-Dispatch Office Area-GIDC,,02.02.2022,,Havmor,Ready to Deploy,,
,,,Fire Extinguisher ABC-2 KG,Fire Extinguisher ABC-2 KG,Fire Extinguisher-Utility Area,N/A,GFBS,A-104,HVM-ELC-1195,GF-Boiler Spare,,18.06.2022,,Havmor,Ready to Deploy,,
,,,Fire Extinguisher ABC-2 KG,Fire Extinguisher ABC-2 KG,Fire Extinguisher-Utility Area,N/A,GFNMF,A-113,HVM-ELC-1196,GF-Novelty Meezaning Fl (Elec Panel),,11.12.2021,,Havmor,Ready to Deploy,,
,,,Fire Extinguisher ABC-2 KG,Fire Extinguisher ABC-2 KG,Fire Extinguisher-Utility Area,N/A,GFQCL,A-116,HVM-ELC-1197,GF-QC Lab,,15.10.2022,,Havmor,Ready to Deploy,,
,,,Fire Extinguisher ABC-2 KG,Fire Extinguisher ABC-2 KG,Fire Extinguisher-Utility Area,N/A,GFNRHRO,A-119,HVM-ELC-1198,GF-NR HR Office,,28.11.2021,,Havmor,Ready to Deploy,,
,,,Fire Extinguisher ABC-6 KG,Fire Extinguisher ABC-6 KG,Fire Extinguisher-Utility Area,N/A,GFRO,A-101,HVM-ELC-1199,GF-Reception Outside,,01.04.2022,,Havmor,Ready to Deploy,,
,,,Fire Extinguisher ABC-6 KG,Fire Extinguisher ABC-6 KG,Fire Extinguisher-Utility Area,N/A,GFMG1,A-102,HVM-ELC-1200,GF-Main Gate-1,,09.02.2022,,Havmor,Ready to Deploy,,
,,,Fire Extinguisher ABC-6 KG,Fire Extinguisher ABC-6 KG,Fire Extinguisher-Utility Area,N/A,GFMG2,A-103,HVM-ELC-1201,GF-Main Gate-2,,13.02.2022,,Havmor,Ready to Deploy,,
,,,Fire Extinguisher ABC-6 KG,Fire Extinguisher ABC-6 KG,Fire Extinguisher-Utility Area,N/A,GFMFPAGIDC,A-106,HVM-ELC-1202,GF-Mezzanine Fl Piping Area-GIDC,,22.03.2022,,Havmor,Ready to Deploy,,
,,,Fire Extinguisher ABC-6 KG,Fire Extinguisher ABC-6 KG,Fire Extinguisher-Utility Area,N/A,GFLNSS,A-109,HVM-ELC-1203,GF-Lobby (Near Safety Shower),,02.02.2022,,Havmor,Ready to Deploy,,
,,,Fire Extinguisher ABC-6 KG,Fire Extinguisher ABC-6 KG,Fire Extinguisher-Utility Area,N/A,GFMG,A-112,HVM-ELC-1204,GF-Main Gate,,28.11.2021,,Havmor,Ready to Deploy,,
,,,Fire Extinguisher ABC-6 KG,Fire Extinguisher ABC-6 KG,Fire Extinguisher-Utility Area,N/A,GFNE,A-114,HVM-ELC-1205,GF-Novelty Entrance,,20.06.2022,,Havmor,Ready to Deploy,,
,,,Fire Extinguisher ABC-6 KG,Fire Extinguisher ABC-6 KG,Fire Extinguisher-Utility Area,N/A,GFCL,A-120,HVM-ELC-1206,GF-Conference Lobby,,01.07.2022,,Havmor,Ready to Deploy,,
,,,Fire Extinguisher Co2-4.5 KG,Fire Extinguisher Co2-4.5 KG,Fire Extinguisher-Utility Area,N/A,FFPAC,C-1,HVM-ELC-1207,FF-Passage Area Canteen,,02.04.2022,,Havmor,Ready to Deploy,,
,,,Fire Extinguisher Co2-4.5 KG,Fire Extinguisher Co2-4.5 KG,Fire Extinguisher-Utility Area,N/A,FFPA,C-2,HVM-ELC-1208,FF-Passage Area,,02.04.2022,,Havmor,Ready to Deploy,,
,,,Fire Extinguisher Co2-4.5 KG,Fire Extinguisher Co2-4.5 KG,Fire Extinguisher-Utility Area,N/A,FFRMS,C-3,HVM-ELC-1209,FF-RM Store,,02.04.2022,,Havmor,Ready to Deploy,,
,,,Fire Extinguisher Co2-4.5 KG,Fire Extinguisher Co2-4.5 KG,Fire Extinguisher-Utility Area,N/A,FFPNRPP,C-4,HVM-ELC-1210,FF-Production (Nr. Prod. Panel),,01.04.2022,,Havmor,Ready to Deploy,,
,,,Fire Extinguisher Co2-4.5 KG,Fire Extinguisher Co2-4.5 KG,Fire Extinguisher-Utility Area,N/A,FFWCER,C-5,HVM-ELC-1211,FF-World Cone Entry Room,,02.04.2022,,Havmor,Ready to Deploy,,
,,,Fire Extinguisher Co2-4.5 KG,Fire Extinguisher Co2-4.5 KG,Fire Extinguisher-Utility Area,N/A,FFRMSOA,C-6,HVM-ELC-1212,FF-RM Store Office Area,,06.06.2022,,Havmor,Ready to Deploy,,
,,,Fire Extinguisher Co2-4.5 KG,Fire Extinguisher Co2-4.5 KG,Fire Extinguisher-Utility Area,N/A,FFSRPA,C-7,HVM-ELC-1213,FF-Server Room Passage Area,,06.06.2022,,Havmor,Ready to Deploy,,
,,,Fire Extinguisher Co2-4.5 KG,Fire Extinguisher Co2-4.5 KG,Fire Extinguisher-Utility Area,N/A,FFACE,C-8,HVM-ELC-1214,FF-Air Compressor Entrance,,06.06.2022,,Havmor,Ready to Deploy,,
,,,Fire Extinguisher Co2-4.5 KG,Fire Extinguisher Co2-4.5 KG,Fire Extinguisher-Utility Area,N/A,FFCKR,C-9,HVM-ELC-1215,FF-Canteen Kitchen Room,,06.06.2022,,Havmor,Ready to Deploy,,
,,,Fire Extinguisher Co2-4.5 KG,Fire Extinguisher Co2-4.5 KG,Fire Extinguisher-Utility Area,N/A,FFPMSE,C-10,HVM-ELC-1216,FF-PM Store Entranace,,25.10.2022,,Havmor,Ready to Deploy,,
,,,Fire Extinguisher Co2-4.5 KG,Fire Extinguisher Co2-4.5 KG,Fire Extinguisher-Utility Area,N/A,FFRMSNL,C-11,HVM-ELC-1217,FF-RM Store(Nr Lift),,02.05.2022,,Havmor,Ready to Deploy,,
,,,Fire Extinguisher Co2-4.5 KG,Fire Extinguisher Co2-4.5 KG,Fire Extinguisher-Utility Area,N/A,FFPMS,C-12,HVM-ELC-1218,FF-PM Store,,31.12.2021,,Havmor,Ready to Deploy,,
,,,Fire Extinguisher ABC-6 KG,Fire Extinguisher ABC-6 KG,Fire Extinguisher-Utility Area,N/A,FFCP,A-101,HVM-ELC-1219,FF-Chocolate Plant,,01.04.2022,,Havmor,Ready to Deploy,,
,,,Fire Extinguisher ABC-6 KG,Fire Extinguisher ABC-6 KG,Fire Extinguisher-Utility Area,N/A,FFPOE,A-102,HVM-ELC-1220,FF-Production Office Entrance,,01.04.2022,,Havmor,Ready to Deploy,,
,,,Fire Extinguisher ABC-6 KG,Fire Extinguisher ABC-6 KG,Fire Extinguisher-Utility Area,N/A,FFPMS_A103,A-103,HVM-ELC-1221,FF-PM Store,,01.04.2022,,Havmor,Ready to Deploy,,
,,,Fire Extinguisher ABC-6 KG,Fire Extinguisher ABC-6 KG,Fire Extinguisher-Utility Area,N/A,FFWCE,A-104,HVM-ELC-1222,FF-World Cone Entrance,,01.04.2022,,Havmor,Ready to Deploy,,
,,,Fire Extinguisher ABC-6 KG,Fire Extinguisher ABC-6 KG,Fire Extinguisher-Utility Area,N/A,FFNRES,A-105,HVM-ELC-1223,FF-Nr. Engg. Store,,06.06.2022,,Havmor,Ready to Deploy,,
,,,Fire Extinguisher ABC-6 KG,Fire Extinguisher ABC-6 KG,Fire Extinguisher-Utility Area,N/A,FFPANRLR,A-106,HVM-ELC-1224,FF-Passage Area (Nr Locker Room),,06.06.2022,,Havmor,Ready to Deploy,,
,,,Fire Extinguisher ABC-6 KG,Fire Extinguisher ABC-6 KG,Fire Extinguisher-Utility Area,N/A,FFACNRCH,A-107,HVM-ELC-1225,FF-Air Compressor (Nr Cage Hoist),,11.12.2021,,Havmor,Ready to Deploy,,
,,,Fire Extinguisher ABC-6 KG,Fire Extinguisher ABC-6 KG,Fire Extinguisher-Utility Area,N/A,FFCE,A-108,HVM-ELC-1226,FF-Canteen Entrance,,01.04.2022,,Havmor,Ready to Deploy,,
,,,Fire Extinguisher ABC-6 KG,Fire Extinguisher ABC-6 KG,Fire Extinguisher-Utility Area,N/A,FFCWE,A-109,HVM-ELC-1227,FF-Crate Washer Entrance,,11.11.2021,,Havmor,Ready to Deploy,,
,,,Fire Extinguisher Co2-6 KG,Fire Extinguisher Co2-6 KG,Fire Extinguisher-Utility Area,N/A,PR1_O1,O-1,HVM-ELC-1228,Plant Room-1,,01.11.2022,,Havmor,Ready to Deploy,,
,,,Fire Extinguisher Co2-6 KG,Fire Extinguisher Co2-6 KG,Fire Extinguisher-Utility Area,N/A,PR1_O2,O-2,HVM-ELC-1229,Plant Room-1,,01.11.2022,,Havmor,Ready to Deploy,,
,,,Fire Extinguisher Co2-6 KG,Fire Extinguisher Co2-6 KG,Fire Extinguisher-Utility Area,N/A,PR1_O3,O-3,HVM-ELC-1230,Plant Room-1,,01.11.2022,,Havmor,Ready to Deploy,,
,,,Fire Extinguisher Co2-4.5 KG,Fire Extinguisher Co2-4.5 KG,Fire Extinguisher-Utility Area,N/A,MGN1,C-1,HVM-ELC-1231,Mascot Gate No:1,,26.11.2022,,Havmor,Ready to Deploy,,
,,,Fire Extinguisher Co2-4.5 KG,Fire Extinguisher Co2-4.5 KG,Fire Extinguisher-Utility Area,N/A,MOAS,C-2,HVM-ELC-1232,Mascot (Office Area Side),,26.11.2022,,Havmor,Ready to Deploy,,
,,,Fire Extinguisher Co2-4.5 KG,Fire Extinguisher Co2-4.5 KG,Fire Extinguisher-Utility Area,N/A,MGN1_C3,C-3,HVM-ELC-1233,Mascot Gate No:1,,26.11.2022,,Havmor,Ready to Deploy,,
,,,Fire Extinguisher Co2-4.5 KG,Fire Extinguisher Co2-4.5 KG,Fire Extinguisher-Utility Area,N/A,MGN1_C4,C-4,HVM-ELC-1234,Mascot Gate No:1,,26.11.2022,,Havmor,Ready to Deploy,,
,,,Fire Extinguisher Co2-4.5 KG,Fire Extinguisher Co2-4.5 KG,Fire Extinguisher-Utility Area,N/A,MBS_C-5,C-5,HVM-ELC-1235,Mascot Back Side,,26.11.2022,,Havmor,Ready to Deploy,,
,,,Fire Extinguisher ABC-6 KG,Fire Extinguisher ABC-6 KG,Fire Extinguisher-Utility Area,N/A,MBS_A101,A-101,HVM-ELC-1236,Mascot Back Side,,26.11.2022,,Havmor,Ready to Deploy,,
,,,Fire Extinguisher ABC-6 KG,Fire Extinguisher ABC-6 KG,Fire Extinguisher-Utility Area,N/A,MPRSW,A-102,HVM-ELC-1237,Mascot-Pm Rack Side Wall,,01.07.2022,,Havmor,Ready to Deploy,,
,,,Fire Extinguisher ABC-6 KG,Fire Extinguisher ABC-6 KG,Fire Extinguisher-Utility Area,N/A,MNWRA,A-103,HVM-ELC-1238,Mascot Near Wash Room Area,,01.07.2022,,Havmor,Ready to Deploy,,
,,,Fire Extinguisher ABC-6 KG,Fire Extinguisher ABC-6 KG,Fire Extinguisher-Utility Area,N/A,MMF1,A-104,HVM-ELC-1239,Mascot Mezzanine Fl-1,,01.07.2022,,Havmor,Ready to Deploy,,
,,,Fire Extinguisher ABC-6 KG,Fire Extinguisher ABC-6 KG,Fire Extinguisher-Utility Area,N/A,MMF2,A-107,HVM-ELC-1240,Mascot Mezzanine Fl-2,,28.11.2022,,Havmor,Ready to Deploy,,
,,,Fire Extinguisher ABC-6 KG,Fire Extinguisher ABC-6 KG,Fire Extinguisher-Utility Area,N/A,ABC_6 KG,A-108,HVM-ELC-1241,Mascot Door No-2,,26.11.2022,,Havmor,Ready to Deploy,,
,,,Hose Reel 1,Hose Reel 1,Hose Reel-Utility Area,N/A,HR1,N/A,HVM-ELC-1242,Infront of Boiler,,,,Havmor,Ready to Deploy,,
,,,Hose Reel 2,Hose Reel 2,Hose Reel-Utility Area,N/A,HR2,N/A,HVM-ELC-1243,Infront of D.G. Set,,,,Havmor,Ready to Deploy,,
,,,Hose Reel 3,Hose Reel 3,Hose Reel-Utility Area,N/A,HR3,N/A,HVM-ELC-1244,Infront of H.R. Office,,,,Havmor,Ready to Deploy,,
,,,Hose Reel 4,Hose Reel 4,Hose Reel-Utility Area,N/A,HR4,N/A,HVM-ELC-1245,Infront of Main Gate,,,,Havmor,Ready to Deploy,,
,,,Hose Reel 5,Hose Reel 5,Hose Reel-Utility Area,N/A,HR5,N/A,HVM-ELC-1246,Collection Tank,,,,Havmor,Ready to Deploy,,
,,,Hose Reel 6,Hose Reel 6,Hose Reel-Utility Area,N/A,HR6,N/A,HVM-ELC-1247,Lift of PM Store,,,,Havmor,Ready to Deploy,,
,,,Hose Reel 7,Hose Reel 7,Hose Reel-Utility Area,N/A,HR7,N/A,HVM-ELC-1248,Inside PM Store,,,,Havmor,Ready to Deploy,,
,,,Hose Box 1,Hose Box 1,Hose Reel-Utility Area,N/A,HB1,N/A,HVM-ELC-1249,Infront of Png Meter,,,,Havmor,Ready to Deploy,,
,,,Hose Box 2,Hose Box 2,Hose Reel-Utility Area,N/A,HB2,N/A,HVM-ELC-1250,Infront of Mix Section,,,,Havmor,Ready to Deploy,,
,,,Hose Box 3,Hose Box 3,Hose Reel-Utility Area,N/A,HB3,N/A,HVM-ELC-1251,Infront of Ammonia Receiver,,,,Havmor,Ready to Deploy,,
,,,Hose Box 4,Hose Box 4,Hose Reel-Utility Area,N/A,HB4,N/A,HVM-ELC-1252,Infront of Reception Area,,,,Havmor,Ready to Deploy,,
,,,Hose Box 5,Hose Box 5,Hose Reel-Utility Area,N/A,HB5,N/A,HVM-ELC-1253,Imain Gate,,,,Havmor,Ready to Deploy,,
,,,Hose Box 6,Hose Box 6,Hose Reel-Utility Area,N/A,HB6,N/A,HVM-ELC-1254,Main Gate-2,,,,Havmor,Ready to Deploy,,
,,,Hose Box 7,Hose Box 7,Hose Reel-Utility Area,N/A,HB7,N/A,HVM-ELC-1255,Collection Tank,,,,Havmor,Ready to Deploy,,
,,,Hose Box 8,Hose Box 8,Hose Reel-Utility Area,N/A,HB8,N/A,HVM-ELC-1256,Collection Tank,,,,Havmor,Ready to Deploy,,
,,,STP-MBR RO Logsheet,STP-MBR RO Logsheet,STP MBR RO-Utility Area,N/A,STPMBRORO_LS,N/A,HVM-ELC-1257,STP Plant,,,,Havmor,Ready to Deploy,,
